FID,TIPO,DTIPO,NOME,EXTRA_RL,DEXTRA_RL,geometry
483,1,Stazione,MOZZATE,1,Interno  confine regionale,POINT (496545.2249023379 5058176.306210876)
484,1,Stazione,CASORATE SEMPIONE,1,Interno  confine regionale,POINT (480027.6768215082 5057762.84437126)
485,1,Stazione,VARALLO POMBIA,2,Esterno confine regionale,POINT (470233.75121983705 5057471.879269508)
486,1,Stazione,MEDA,1,Interno  confine regionale,POINT (512414.25270352 5056638.106068929)
487,1,Stazione,ISEO,1,Interno  confine regionale,POINT (581673.8903931082 5056418.033364244)
488,1,Stazione,CISLAGO,1,Interno  confine regionale,POINT (498426.200118666 5056298.800014436)
489,1,Stazione,GALLARATE,1,Interno  confine regionale,POINT (484420.62302748434 5056165.858267113)
490,1,Stazione,POMBIA,2,Esterno confine regionale,POINT (471749.22070996615 5054989.417158575)
491,1,Stazione,SEVESO,1,Interno  confine regionale,POINT (510902.3678986286 5054931.645071916)
492,1,Stazione,LESMO,1,Interno  confine regionale,POINT (525141.5642402389 5054693.911488733)
493,1,Stazione,SEREGNO,1,Interno  confine regionale,POINT (516186.0835012871 5054476.543535987)
494,1,Stazione,CESANO MADERNO,1,Interno  confine regionale,POINT (511104.2172539968 5052784.649194718)
495,1,Stazione,SARONNO,1,Interno  confine regionale,POINT (502515.13840656774 5052474.273172837)
496,1,Stazione,ARCORE,1,Interno  confine regionale,POINT (525187.3302900731 5052298.497422429)
497,1,Stazione,RESCALDINA,1,Interno  confine regionale,POINT (495390.93864361936 5051976.830345433)
498,1,Stazione,DESIO,1,Interno  confine regionale,POINT (517077.56166078785 5051908.0598601755)
499,1,Stazione,CASTELLANZA,1,Interno  confine regionale,POINT (491644.2437639036 5051095.364204003)
500,1,Stazione,BUSTO ARSIZIO,1,Interno  confine regionale,POINT (488551.5409111558 5050345.896886023)
501,1,Stazione,PALAZZOLO SULL'OGLIO,1,Interno  confine regionale,POINT (569842.5786920157 5050250.2800615905)
502,1,Stazione,VILLASANTA,1,Interno  confine regionale,POINT (523942.21391517937 5049832.585691627)
503,1,Stazione,OLEGGIO,2,Esterno confine regionale,POINT (471281.4340621801 5049489.519378204)
504,1,Stazione,BORNATO,1,Interno  confine regionale,POINT (580744.4022192295 5049001.727518193)
505,1,Stazione,LEGNANO,1,Interno  confine regionale,POINT (493109.8268073932 5048633.863160229)
506,1,Stazione,CESATE,1,Interno  confine regionale,POINT (505517.19149146613 5048267.750492733)
507,1,Stazione,COLOGNE,1,Interno  confine regionale,POINT (572987.090351193 5047511.338783631)
508,1,Stazione,GARBAGNATE MILANESE,1,Interno  confine regionale,POINT (506395.29810320545 5047202.241142055)
509,1,Stazione,MONZA,1,Interno  confine regionale,POINT (521384.06316314277 5046939.136126681)
510,1,Stazione,MAGNAGO,1,Interno  confine regionale,POINT (483220.9565126291 5046791.480399736)
511,1,Stazione,CASTEGNATO,1,Interno  confine regionale,POINT (587387.3253174357 5046301.713566784)
512,1,Stazione,CANEGRATE,1,Interno  confine regionale,POINT (494302.9103028611 5046077.363425357)
513,1,Stazione,BELLINZAGO NOVARESE,2,Esterno confine regionale,POINT (470911.4120065697 5045905.085723394)
514,1,Stazione,COCCAGLIO,1,Interno  confine regionale,POINT (576223.1654253058 5045760.853819581)
515,1,Stazione,TRAVERSAGNA,1,Interno  confine regionale,POINT (507637.77503898914 5045662.2237323895)
516,1,Stazione,CASTANO PRIMO,1,Interno  confine regionale,POINT (482248.5763076608 5044785.517949231)
517,1,Stazione,MANDOLOSSA,1,Interno  confine regionale,POINT (589851.3735351039 5044360.222819236)
518,1,Stazione,PARABIAGO,1,Interno  confine regionale,POINT (495838.2400440017 5044118.850847193)
519,1,Stazione,BOLLATE,1,Interno  confine regionale,POINT (509451.7401424151 5043408.697880641)
520,1,Stazione,CHIARI,1,Interno  confine regionale,POINT (572151.8475888841 5043339.438882503)
521,1,Stazione,BRESCIA,1,Interno  confine regionale,POINT (594827.6156709992 5042766.18889191)
522,1,Stazione,SESTO S. GIOVANNI,1,Interno  confine regionale,POINT (517992.47154920094 5042143.121916313)
523,1,Stazione,NOVATE MILANESE,1,Interno  confine regionale,POINT (510483.59372149716 5042047.683014855)
524,1,Stazione,BRUZZANO,1,Interno  confine regionale,POINT (513506.9495224252 5041746.13575787)
525,1,Stazione,ROMANO DI LOMBARDIA,1,Interno  confine regionale,POINT (558731.414769547 5041409.512584391)
526,1,Stazione,RHO,1,Interno  confine regionale,POINT (503541.25576175214 5041075.279966329)
527,1,Stazione,CASSANO D'ADDA,1,Interno  confine regionale,POINT (539903.4247710486 5040097.100991041)
1,1,Stazione,TRECELLA,1,Interno  confine regionale,POINT (537397.3728677414 5040021.612674377)
2,1,Stazione,REZZATO,1,Interno  confine regionale,POINT (602559.8808476519 5039586.6275862465)
3,1,Stazione,MELZO,1,Interno  confine regionale,POINT (532736.7132380609 5038751.159509132)
4,1,Stazione,VIGNATE,1,Interno  confine regionale,POINT (528656.7532487981 5037720.700481137)
5,1,Stazione,VITTUONE,1,Interno  confine regionale,POINT (495855.55816064146 5037447.887218303)
6,1,Stazione,GALLIATE,2,Esterno confine regionale,POINT (475867.0626774406 5036499.193175736)
7,1,Stazione,VIGNALE,2,Esterno confine regionale,POINT (469909.8493427062 5036039.755937447)
8,1,Stazione,LONATO,1,Interno  confine regionale,POINT (616258.4561057613 5034843.614697676)
9,1,Stazione,MAGENTA,1,Interno  confine regionale,POINT (490540.1473638262 5034792.040910773)
10,1,Stazione,PESCHIERA DEL GARDA,2,Esterno confine regionale,POINT (633230.014148401 5033254.497356461)
11,1,Stazione,NOVARA,2,Esterno confine regionale,POINT (470900.8146014691 5032785.289050591)
12,1,Stazione,S. MARTINO DELLA BATTAGLIA,1,Interno  confine regionale,POINT (625280.2954522241 5032626.129622391)
13,1,Stazione,CAPRALBA,1,Interno  confine regionale,POINT (550467.54384957 5032267.662352719)
14,1,Stazione,CORSICO,1,Interno  confine regionale,POINT (508025.39074599475 5031204.314029386)
15,1,Stazione,BAGNOLO MELLA,1,Interno  confine regionale,POINT (592238.9070573745 5031038.405769202)
16,1,Stazione,TRECATE,2,Esterno confine regionale,POINT (479761.23584611673 5030585.737819598)
17,1,Stazione,TREZZANO SUL NAVIGLIO,1,Interno  confine regionale,POINT (505286.89715527 5029741.36489102)
18,1,Stazione,GAGGIANO,1,Interno  confine regionale,POINT (502316.42034246447 5028364.920251379)
19,1,Stazione,DOSSOBUONO,2,Esterno confine regionale,POINT (649817.969992132 5028286.85566314)
20,1,Stazione,ABBIATEGRASSO,1,Interno  confine regionale,POINT (493851.0142694286 5027107.055831591)
21,1,Stazione,CA` DI DAVID,2,Esterno confine regionale,POINT (654094.218616518 5026838.843776965)
22,1,Stazione,S. GIULIANO,1,Interno  confine regionale,POINT (522460.9084595599 5026219.305515087)
23,1,Stazione,VIADANA BRESCIANA,1,Interno  confine regionale,POINT (604291.8753059405 5025158.773265969)
24,1,Stazione,CREMA,1,Interno  confine regionale,POINT (554218.8885396399 5023896.749717899)
25,1,Stazione,VILLAFRANCA DI VERONA,2,Esterno confine regionale,POINT (644826.5000191814 5023489.521448518)
26,1,Stazione,MANERBIO,1,Interno  confine regionale,POINT (588510.286697485 5023187.051271007)
27,1,Stazione,LOCATE TRIULZI,1,Interno  confine regionale,POINT (517330.5764507254 5022889.362311761)
28,1,Stazione,MELEGNANO,1,Interno  confine regionale,POINT (525081.9089773215 5022628.343730705)
29,1,Stazione,BUTTAPIETRA,2,Esterno confine regionale,POINT (655763.6161265458 5022590.926754451)
30,1,Stazione,VESPOLATE,2,Esterno confine regionale,POINT (474378.16452159325 5022009.833103397)
31,1,Stazione,VEROLANUOVA,1,Interno  confine regionale,POINT (585043.5270997434 5019647.634818005)
32,1,Stazione,TAVAZZANO,1,Interno  confine regionale,POINT (531475.0182726089 5019157.822477378)
33,1,Stazione,VISANO,1,Interno  confine regionale,POINT (606860.1711556525 5018790.326721414)
34,1,Stazione,MOZZECANE,2,Esterno confine regionale,POINT (642899.8210310244 5018515.142036927)
35,1,Stazione,BORGOLAVEZZARO,2,Esterno confine regionale,POINT (476871.3421648203 5018213.3153544925)
36,1,Stazione,VIGEVANO,1,Interno  confine regionale,POINT (489202.4473292442 5017751.174165142)
37,1,Stazione,LODI,1,Interno  confine regionale,POINT (538771.2582405447 5017352.804913249)
38,1,Stazione,PALESTRO,1,Interno  confine regionale,POINT (463472.2162015896 5017219.995872589)
39,1,Stazione,CASTELLEONE,1,Interno  confine regionale,POINT (560160.8064866791 5016750.310137976)
40,1,Stazione,ROBBIO,1,Interno  confine regionale,POINT (468435.65411718976 5015655.434136312)
41,1,Stazione,ALBONESE,1,Interno  confine regionale,POINT (477906.17078683816 5015211.812086607)
42,1,Stazione,ISOLA DELLA SCALA,2,Esterno confine regionale,POINT (657894.0839787233 5014872.569928185)
43,1,Stazione,SORESINA,1,Interno  confine regionale,POINT (567186.2509533551 5014445.838194379)
44,1,Stazione,NICORVO,1,Interno  confine regionale,POINT (474145.0717167778 5013758.8642162625)
45,1,Stazione,CASALBUTTANO,1,Interno  confine regionale,POINT (575583.7358393945 5011592.348275835)
46,1,Stazione,MORTARA,1,Interno  confine regionale,POINT (478944.9883499812 5011151.8135922095)
47,1,Stazione,PELLEGRINA,2,Esterno confine regionale,POINT (659227.4991001026 5010545.1530791735)
48,1,Stazione,OLMENETA,1,Interno  confine regionale,POINT (581067.7933262028 5009011.26867286)
49,1,Stazione,ASOLA,1,Interno  confine regionale,POINT (610170.0730758414 5008278.3963582795)
50,1,Stazione,SECUGNAGO,1,Interno  confine regionale,POINT (545950.6963502249 5007986.883125784)
51,1,Stazione,TROMELLO,1,Interno  confine regionale,POINT (489806.35860506 5006508.75354528)
52,1,Stazione,OLEVANO DI LOMELLINA,1,Interno  confine regionale,POINT (477319.9653966365 5006379.84479923)
53,1,Stazione,BONFERRARO,2,Esterno confine regionale,POINT (657786.8276768981 5005458.7561374325)
54,1,Stazione,CASTEL D'ARIO,1,Interno  confine regionale,POINT (655123.8672807598 5005106.760990553)
55,1,Stazione,GARLASCO,1,Interno  confine regionale,POINT (494229.83605342155 5004996.761188032)
56,1,Stazione,NOGARA,2,Esterno confine regionale,POINT (662719.7382553065 5004954.270911639)
57,1,Stazione,PAVIA,1,Interno  confine regionale,POINT (511365.3727960644 5003883.74171981)
58,1,Stazione,PONTE D'ADDA,1,Interno  confine regionale,POINT (565379.4274721947 5003327.916290492)
59,1,Stazione,CANDIA LOMELLINA,1,Interno  confine regionale,POINT (468027.66043300997 5003073.964829362)
60,1,Stazione,ACQUANEGRA CREMONESE,1,Interno  confine regionale,POINT (569906.3493704529 5002290.418148279)
61,1,Stazione,ALBUZZANO,1,Interno  confine regionale,POINT (520486.174368695 5002135.1808404755)
62,1,Stazione,MALEO,1,Interno  confine regionale,POINT (559283.9882049183 5002002.890645479)
63,1,Stazione,MANTOVA,1,Interno  confine regionale,POINT (640173.3786632882 5001973.439246936)
64,1,Stazione,OSPEDALETTO LODIGIANO,1,Interno  confine regionale,POINT (544969.3883520034 5001903.961067855)
65,1,Stazione,ORIO LITTA,1,Interno  confine regionale,POINT (541844.1672367328 5001420.998838743)
66,1,Stazione,BELGIOIOSO,1,Interno  confine regionale,POINT (524828.1497465642 5001220.14804202)
67,1,Stazione,MANTOVA FRASSINE,1,Interno  confine regionale,POINT (643567.5130806307 5001133.933724689)
68,1,Stazione,MIRADOLO TERME,1,Interno  confine regionale,POINT (533895.7597316784 5000969.579774172)
69,1,Stazione,CHIGNOLO PO,1,Interno  confine regionale,POINT (535859.103727903 5000895.06521048)
70,1,Stazione,CORTEOLONA,1,Interno  confine regionale,POINT (529448.0827290785 5000840.114907478)
71,1,Stazione,CASTELLUCCHIO,1,Interno  confine regionale,POINT (629509.9802141087 5000334.011422585)
72,1,Stazione,CREMONA,1,Interno  confine regionale,POINT (580236.3757027433 4999409.857745403)
73,1,Stazione,OSPITALETTO MANTOVANO,1,Interno  confine regionale,POINT (626917.1912509445 4999104.035800478)
74,1,Stazione,TORRE DEI PICENARDI,1,Interno  confine regionale,POINT (601327.1254925963 4999088.101949696)
75,1,Stazione,GAZZO,1,Interno  confine regionale,POINT (593662.7134757378 4998914.206593441)
76,1,Stazione,CAVA MANARA,1,Interno  confine regionale,POINT (509104.7674476323 4998885.84229088)
77,1,Stazione,MARCARIA,1,Interno  confine regionale,POINT (620518.7774126676 4997963.542763394)
78,1,Stazione,PIADENA,1,Interno  confine regionale,POINT (608204.0443416295 4997785.058794595)
79,1,Stazione,S. MICHELE IN BOSCO,1,Interno  confine regionale,POINT (623731.1722005464 4997747.061412507)
80,1,Stazione,S. STEFANO LODIGIANO,1,Interno  confine regionale,POINT (556888.4813587016 4996774.464300087)
81,1,Stazione,LOMELLO,1,Interno  confine regionale,POINT (484252.8317039208 4996069.830866666)
82,1,Stazione,BOZZOLO,1,Interno  confine regionale,POINT (615750.1589197797 4995822.058462995)
83,1,Stazione,PIEVE ALBIGNOLA,1,Interno  confine regionale,POINT (496749.92906997097 4995770.850689142)
84,1,Stazione,SARTIRANA LOMELLINA,1,Interno  confine regionale,POINT (474015.6681528628 4995252.909064703)
85,1,Stazione,MEDE,1,Interno  confine regionale,POINT (479731.8558778883 4993566.868429406)
86,1,Stazione,OSTIGLIA,1,Interno  confine regionale,POINT (668347.2002659258 4993350.5572126135)
87,1,Stazione,ARENA PO,1,Interno  confine regionale,POINT (528242.197491606 4992062.730387052)
88,1,Stazione,S. GIOVANNI IN CROCE,1,Interno  confine regionale,POINT (608548.1348592344 4991935.680816162)
89,1,Stazione,STRADELLA,1,Interno  confine regionale,POINT (523698.38290309155 4991754.779460719)
90,1,Stazione,ROMANORE,1,Interno  confine regionale,POINT (637841.1094150598 4991295.123561249)
91,1,Stazione,BARBIANELLO,1,Interno  confine regionale,POINT (516332.3014891635 4990947.894412185)
92,1,Stazione,BRONI,1,Interno  confine regionale,POINT (520360.1536072885 4990261.839832879)
93,1,Stazione,CASTEL S.GIOVANNI,2,Esterno confine regionale,POINT (534390.0827826195 4990055.210519581)
94,1,Stazione,SARMATO,2,Esterno confine regionale,POINT (538693.1380994011 4989952.189086686)
95,1,Stazione,BORGOFORTE,1,Interno  confine regionale,POINT (638012.5956935899 4989817.153949616)
96,1,Stazione,ROTTOFRENO,2,Esterno confine regionale,POINT (543102.4460826404 4989780.170105538)
97,1,Stazione,S. NICOLO`,2,Esterno confine regionale,POINT (547756.8858220265 4989730.148268374)
98,1,Stazione,TORRE BERETTI,1,Interno  confine regionale,POINT (473045.90094303957 4989443.438397059)
99,1,Stazione,PIACENZA,2,Esterno confine regionale,POINT (555448.6736674366 4989264.124287844)
100,1,Stazione,S.BENEDETTO PO,1,Interno  confine regionale,POINT (651385.418918813 4988656.653741973)
101,1,Stazione,CAORSO,2,Esterno confine regionale,POINT (568524.597165452 4987935.628365588)
102,1,Stazione,MOTTEGGIANA,1,Interno  confine regionale,POINT (638340.3215403542 4987287.2063190965)
103,1,Stazione,MAGNACAVALLO,1,Interno  confine regionale,POINT (671830.933429985 4985476.265970156)
104,1,Stazione,VALENZA,2,Esterno confine regionale,POINT (470654.91206593526 4985466.474249142)
105,1,Stazione,REVERE SCALO,1,Interno  confine regionale,POINT (667552.9207784256 4985275.8158426685)
106,1,Stazione,SERMIDE,1,Interno  confine regionale,POINT (680823.760494057 4984965.669590149)
107,1,Stazione,QUISTELLO,1,Interno  confine regionale,POINT (656090.9271857042 4984911.287479596)
108,1,Stazione,CASTEGGIO,1,Interno  confine regionale,POINT (509700.7294718606 4984906.944654907)
109,1,Stazione,PEGOGNAGA,1,Interno  confine regionale,POINT (646056.3678000579 4984711.265845505)
110,1,Stazione,SCHIVENOGLIA,1,Interno  confine regionale,POINT (663542.5194558784 4983997.887235081)
111,1,Stazione,SUZZARA,1,Interno  confine regionale,POINT (638419.5534327227 4983647.288886115)
112,1,Stazione,PONTENURE,2,Esterno confine regionale,POINT (562517.5965099218 4983207.755000025)
113,1,Stazione,POGGIO RUSCO,1,Interno  confine regionale,POINT (667506.1639847681 4983029.874746428)
114,1,Stazione,CASALMAGGIORE,1,Interno  confine regionale,POINT (612191.8852133173 4983005.888132325)
115,1,Stazione,VOGHERA,1,Interno  confine regionale,POINT (500657.8826849917 4982850.92019253)
116,1,Stazione,CODISOTTO,2,Esterno confine regionale,POINT (635929.8725552434 4981740.3407014115)
117,1,Stazione,BUSSETO,2,Esterno confine regionale,POINT (581982.5536569285 4980352.1574983)
118,1,Stazione,VALMADONNA,2,Esterno confine regionale,POINT (469395.04367417435 4979792.014832299)
119,1,Stazione,LUZZARA,2,Esterno confine regionale,POINT (633711.6916480098 4979653.900885423)
120,1,Stazione,PONTECURONE,2,Esterno confine regionale,POINT (494325.8801600701 4978521.929297292)
121,1,Stazione,TAGLIATA,2,Esterno confine regionale,POINT (632611.3597255029 4976227.503433813)
122,1,Stazione,COLORNO,2,Esterno confine regionale,POINT (609052.4095019416 4975760.62117082)
123,1,Stazione,FIORENZUOLA D`ARDA,2,Esterno confine regionale,POINT (572602.7122467848 4975070.329769835)
124,1,Stazione,BONDENO,2,Esterno confine regionale,POINT (690708.4223817027 4973886.75238582)
125,1,Stazione,BORETTO,2,Esterno confine regionale,POINT (622634.1731168667 4973156.134954267)
126,1,Stazione,MIRANDOLA,2,Esterno confine regionale,POINT (666798.8970013374 4973147.133048215)
127,1,Stazione,GUALTIERI,2,Esterno confine regionale,POINT (628527.3671517946 4973023.6172996005)
128,1,Stazione,PIEVE SALICETO,2,Esterno confine regionale,POINT (623787.51610812 4972899.639021504)
129,1,Stazione,ALESSANDRIA,2,Esterno confine regionale,POINT (469092.9302097233 4972544.071789387)
130,1,Stazione,TORTONA,2,Esterno confine regionale,POINT (489133.5238299425 4971613.515216229)
131,1,Stazione,SPINETTA,2,Esterno confine regionale,POINT (474941.5237514175 4969751.102402929)
132,1,Stazione,LENTIGLIONE,2,Esterno confine regionale,POINT (617075.804803552 4968723.790506383)
133,1,Stazione,FIDENZA,2,Esterno confine regionale,POINT (584191.4184835011 4968557.881553495)
134,1,Stazione,S. FELICE SUL PANARO,2,Esterno confine regionale,POINT (669178.0846146852 4966649.76263466)
135,1,Stazione,RIVALTA SCRIVIA,2,Esterno confine regionale,POINT (485077.0949769526 4966609.65321915)
136,1,Stazione,VERDELLO-DALMINE,1,Interno  confine regionale,POINT (548224.6269270016 5050207.890335807)
137,1,Stazione,MONTELLO-GORLAGO,1,Interno  confine regionale,POINT (562983.5726730572 5057785.117082924)
138,1,Stazione,CHIUDUNO,1,Interno  confine regionale,POINT (565893.317855434 5055583.157726684)
139,1,Stazione,GRUMELLO DEL MONTE,1,Interno  confine regionale,POINT (567226.8201859219 5053865.196481467)
140,1,Stazione,ROVATO,1,Interno  confine regionale,POINT (577990.4883965589 5044817.354699464)
141,1,Stazione,TOLINE,1,Interno  confine regionale,POINT (584307.49565324 5070555.204939381)
142,1,Stazione,VELLO,1,Interno  confine regionale,POINT (584660.9282690189 5067329.755567446)
143,1,Stazione,SALE MARASINO,1,Interno  confine regionale,POINT (586689.342498363 5062591.851891972)
144,1,Stazione,SULZANO,1,Interno  confine regionale,POINT (585785.5778797548 5059868.419027376)
145,1,Stazione,BORGONATO,1,Interno  confine regionale,POINT (579493.9392746219 5052472.153226727)
146,1,Stazione,PASSIRANO,1,Interno  confine regionale,POINT (583032.9617756404 5049120.699934665)
147,1,Stazione,PADERNO FRANCIACORTA,1,Interno  confine regionale,POINT (584900.2801364859 5048717.1901518125)
148,1,Stazione,BORGO S.GIOVANNI,1,Interno  confine regionale,POINT (592907.1553450822 5044054.191900991)
149,1,Stazione,OSPITALETTO,1,Interno  confine regionale,POINT (583927.9289632776 5044212.796315527)
150,1,Stazione,CASALETTO VAPRIO,1,Interno  confine regionale,POINT (549378.2955919328 5028412.204444525)
151,1,Stazione,VIDALENGO,1,Interno  confine regionale,POINT (549925.3359056636 5040654.053405287)
152,1,Stazione,MORENGO-BARIANO,1,Interno  confine regionale,POINT (554723.0259335769 5041184.02669998)
153,1,Stazione,CALCIO,1,Interno  confine regionale,POINT (565549.3176117796 5042379.475684522)
154,1,Stazione,S.ZENO-FOLZANO,1,Interno  confine regionale,POINT (594587.1121921012 5038069.270098412)
155,1,Stazione,MONTIRONE,1,Interno  confine regionale,POINT (596981.065510094 5033736.792380422)
156,1,Stazione,GHEDI,1,Interno  confine regionale,POINT (600330.8563941045 5028998.296494247)
157,1,Stazione,PONTE S. MARCO-CALCINATO,1,Interno  confine regionale,POINT (610323.2858878064 5036641.60779239)
158,1,Stazione,CASTELNUOVO DEL GARDA,2,Esterno confine regionale,POINT (637694.7505657031 5032112.451687181)
159,1,Stazione,CALVISANO,1,Interno  confine regionale,POINT (605827.7104970147 5022062.302559806)
160,1,Stazione,SOMMACAMPAGNA,2,Esterno confine regionale,POINT (644318.5708125561 5031919.851201167)
161,1,Stazione,VERONA P.N.,2,Esterno confine regionale,POINT (653788.5685200025 5031980.2388015045)
162,1,Stazione,VERONA P. VESC.,2,Esterno confine regionale,POINT (654832.3072290886 5032327.730364241)
163,1,Stazione,ROVERBELLA,1,Interno  confine regionale,POINT (640934.5128831865 5012412.773789008)
164,1,Stazione,ROBECCO-PONTEVICO,1,Interno  confine regionale,POINT (584752.3942173095 5013317.179184691)
165,1,Stazione,REMEDELLO SOPRA,1,Interno  confine regionale,POINT (608192.3738119336 5014810.849535833)
166,1,Stazione,REMEDELLO SOTTO,1,Interno  confine regionale,POINT (608987.0981411389 5012494.862145791)
167,1,Stazione,CASALPUSTERLENGO,1,Interno  confine regionale,POINT (551247.8330589731 5003447.390286674)
168,1,Stazione,CODOGNO,1,Interno  confine regionale,POINT (555265.5217162448 5000247.394799881)
169,1,Stazione,MONTICELLI D' ONGINA,2,Esterno confine regionale,POINT (572954.3142751531 4990515.558933505)
170,1,Stazione,CASTELVETRO PIACENTINO,2,Esterno confine regionale,POINT (577332.2377301973 4994021.467572572)
171,1,Stazione,S. GIULIANO PIACENTINO,2,Esterno confine regionale,POINT (577739.0062339401 4990957.00813196)
172,1,Stazione,VILLANOVA D' ARDA,2,Esterno confine regionale,POINT (578539.0481097308 4986120.081953938)
173,1,Stazione,CASTIONE DEI MARCHESI,2,Esterno confine regionale,POINT (582566.2364948657 4973846.28426457)
174,1,Stazione,CAVA TIGOZZI,1,Interno  confine regionale,POINT (575045.6394685524 5000790.423313192)
175,1,Stazione,CADEO,2,Esterno confine regionale,POINT (567571.5911310407 4979373.795518703)
176,1,Stazione,ALSENO,2,Esterno confine regionale,POINT (578402.591218324 4971209.358770183)
177,1,Stazione,CASTELGUELFO,2,Esterno confine regionale,POINT (593172.5280644328 4965135.985831806)
178,1,Stazione,VILLETTA MALAGNINO,1,Interno  confine regionale,POINT (587323.001068464 4998766.7720539)
179,1,Stazione,MEZZANI RONDANI,2,Esterno confine regionale,POINT (610248.4087075845 4980063.988031025)
180,1,Stazione,TORRILE-S.POLO,2,Esterno confine regionale,POINT (607552.9110542026 4970832.77300728)
181,1,Stazione,CANNETO SULL' OGLIO,1,Interno  confine regionale,POINT (607891.0609211371 5000531.505976564)
182,1,Stazione,GUASTALLA,2,Esterno confine regionale,POINT (630782.5456045441 4975123.5421708645)
183,1,Stazione,SUZZARA-VIE NUOVE,1,Interno  confine regionale,POINT (640669.4935741463 4984238.274488815)
184,1,Stazione,SAN ROCCO MANTOVANO,1,Interno  confine regionale,POINT (658772.8702574387 4984555.325058118)
185,1,Stazione,GONZAGA-REGGIOLO,1,Interno  confine regionale,POINT (643205.0435058404 4977700.463374967)
186,1,Stazione,ROLO-NOVI-FABBRICO,2,Esterno confine regionale,POINT (647466.3025432995 4971738.146859657)
187,1,Stazione,SOLLIERA MODENESE,2,Esterno confine regionale,POINT (650927.1400931515 4953602.638051987)
188,1,Stazione,GAZZO DI BIGARELLO,1,Interno  confine regionale,POINT (648559.4633769742 5004201.328220064)
189,1,Stazione,RONCANOVA DI GAZZO VERONESE,2,Esterno confine regionale,POINT (664886.139390611 5000749.37099945)
190,1,Stazione,REVERE,1,Interno  confine regionale,POINT (667635.5703687496 4989523.681822064)
191,1,Stazione,VALLAZZA-CARBONARA PO,1,Interno  confine regionale,POINT (675224.9829928238 4985227.234036001)
192,1,Stazione,S.ANTONIO MANTOVANO,1,Interno  confine regionale,POINT (640268.7919822937 5005080.891795013)
193,1,Stazione,FELONICA PO,1,Interno  confine regionale,POINT (684338.066733933 4982333.182571543)
194,1,Stazione,ZERBINATE,2,Esterno confine regionale,POINT (686503.7682994525 4980427.690288702)
195,1,Stazione,STELLATA-FICAROLO,2,Esterno confine regionale,POINT (688723.7133273247 4977572.213668181)
196,1,Stazione,ZEME,1,Interno  confine regionale,POINT (471448.14674250653 5005592.41833693)
197,1,Stazione,TERRANOVA MONFERRATO,2,Esterno confine regionale,POINT (462344.80976674554 5000870.535898428)
198,1,Stazione,CASALE MONFERRATO,2,Esterno confine regionale,POINT (460076.77947184216 4995014.055958476)
199,1,Stazione,BORGO S.MARTINO,2,Esterno confine regionale,POINT (462232.3747904942 4992708.5320172515)
200,1,Stazione,GIAROLE,2,Esterno confine regionale,POINT (465529.09305734455 4989180.004861961)
201,1,Stazione,VILLABELLA,2,Esterno confine regionale,POINT (468534.4391930228 4987626.484001175)
202,1,Stazione,FRUGAROLO-BOSCO MARENGO,2,Esterno confine regionale,POINT (475114.1727685579 4965207.669312597)
203,1,Stazione,SERRAVALLE SCRIVIA,2,Esterno confine regionale,POINT (488832.89783831435 4952170.362343782)
204,1,Stazione,STAZZANO-SERRAVALLE,2,Esterno confine regionale,POINT (489530.384990847 4951609.849554238)
205,1,Stazione,ARQUATA SCRIVIA,2,Esterno confine regionale,POINT (490988.2277194458 4948615.824717249)
206,1,Stazione,RIGOROSO,2,Esterno confine regionale,POINT (492737.813404524 4945022.799966849)
207,1,Stazione,CASSANO SPINOLA,2,Esterno confine regionale,POINT (488896.89882869186 4956375.844076045)
208,1,Stazione,VILLAVERNIA,2,Esterno confine regionale,POINT (488606.1108041517 4961638.2394041885)
209,1,Stazione,CARBONARA SCRIVIA,2,Esterno confine regionale,POINT (488391.43928194756 4967347.116550208)
210,1,Stazione,S. GIULIANO PIEMONTE,2,Esterno confine regionale,POINT (481306.3382795184 4970695.069416354)
211,1,Stazione,CASTELLARO,1,Interno  confine regionale,POINT (476711.87108423025 4991613.893652826)
212,1,Stazione,VALLE LOMELLINA,1,Interno  confine regionale,POINT (475300.55883422366 4999848.383657301)
213,1,Stazione,GAMBOLO'-REMONDO',1,Interno  confine regionale,POINT (484294.9113492341 5009121.265763408)
214,1,Stazione,FERRERA LOMELLINA,1,Interno  confine regionale,POINT (489262.80786786973 4995332.329693839)
215,1,Stazione,SANNAZZARO,1,Interno  confine regionale,POINT (492380.8033014311 4994635.844050744)
216,1,Stazione,PARONA LOMELLINA,1,Interno  confine regionale,POINT (482628.1017540988 5014063.2614182765)
217,1,Stazione,S.GIULETTA,1,Interno  confine regionale,POINT (513950.8176817968 4986917.436409327)
218,1,Stazione,LUNGAVILLA,1,Interno  confine regionale,POINT (505299.41132157395 4988376.945715367)
219,1,Stazione,BRESSANA BOTTARONE,1,Interno  confine regionale,POINT (508764.8999510457 4992564.436994193)
220,1,Stazione,BRESSANA ARGINE,1,Interno  confine regionale,POINT (510748.8689002617 4991020.429982499)
221,1,Stazione,ZINASCO NUOVO,1,Interno  confine regionale,POINT (499995.0560989986 4996702.362326275)
222,1,Stazione,SAIRANO-ZINASCO,1,Interno  confine regionale,POINT (503709.55563960824 4998304.864956109)
223,1,Stazione,GROPELLO CAIROLI,1,Interno  confine regionale,POINT (499393.8135881216 5002043.802816599)
224,1,Stazione,VILLANOVA D'ARDENGHI,1,Interno  confine regionale,POINT (503234.5557995386 5000254.338516071)
225,1,Stazione,CAVA CARBONARA,1,Interno  confine regionale,POINT (505586.30368207645 4999248.862004238)
226,1,Stazione,PAVIA P.TA GARIBALDI,1,Interno  confine regionale,POINT (513087.22857538203 5003465.232904119)
227,1,Stazione,MOTTA S.DAMIANO,1,Interno  confine regionale,POINT (517346.8158287583 5002778.203271974)
228,1,Stazione,S.CRISTINA E BISSONE,1,Interno  confine regionale,POINT (531505.6736911427 5000847.599300627)
229,1,Stazione,LAMBRINIA,1,Interno  confine regionale,POINT (538787.1966960023 5000885.53665475)
230,1,Stazione,CERTOSA DI PAVIA,1,Interno  confine regionale,POINT (512090.39178787824 5011296.607214534)
231,1,Stazione,VILLAMAGGIORE,1,Interno  confine regionale,POINT (514852.78916812455 5018524.455681466)
232,1,Stazione,AIROLO,2,Esterno confine regionale,POINT (469822.47317053756 5152401.934390531)
233,1,Stazione,FAIDO,2,Esterno confine regionale,POINT (484077.44460300275 5147353.4010539055)
234,1,Stazione,BIASCA,2,Esterno confine regionale,POINT (497982.4964217607 5133266.754998288)
235,1,Stazione,BELLINZONA,2,Esterno confine regionale,POINT (501991.01806920837 5115446.33078756)
236,1,Stazione,CADENAZZO,2,Esterno confine regionale,POINT (496179.6303027998 5111091.978910782)
237,1,Stazione,ST. MORITZ,2,Esterno confine regionale,POINT (564530.0391405263 5149492.212823243)
238,1,Stazione,PONTRESINA,2,Esterno confine regionale,POINT (569371.8124343096 5148426.168871613)
239,1,Stazione,PALIDANO,1,Interno  confine regionale,POINT (640845.7375364478 4980343.885683052)
240,1,Stazione,VILLANOVA DI REGGIOLO,2,Esterno confine regionale,POINT (645689.8513552267 4974693.554779905)
241,1,Stazione,TERRASA,1,Interno  confine regionale,POINT (465597.55624627776 5002993.9949386595)
242,1,Stazione,COZZO,1,Interno  confine regionale,POINT (469247.9037189239 5003760.448831543)
243,1,Stazione,CASTELLO D' AGOGNA,1,Interno  confine regionale,POINT (475398.12758402084 5008264.362257144)
244,1,Stazione,PINAROLO PO',1,Interno  confine regionale,POINT (513441.5852518698 4991099.413951902)
245,1,Stazione,CORBETTA,1,Interno  confine regionale,POINT (492679.9870192616 5035900.477932084)
246,1,Stazione,MI-BULLONA,1,Interno  confine regionale,POINT (512656.0308964846 5037119.672221313)
247,1,Stazione,VAREDO,1,Interno  confine regionale,POINT (511419.9337396717 5049971.654605541)
248,1,Stazione,MARANO TICINO,2,Esterno confine regionale,POINT (470760.5877044265 5052960.959255597)
249,1,Stazione,VANZAGHELLO,1,Interno  confine regionale,POINT (482969.4552983293 5046289.989788028)
250,1,Stazione,BUSTO ARSIZIO N.,1,Interno  confine regionale,POINT (489124.0399721609 5051858.879277625)
251,1,Stazione,VENEGONO INFERIORE,1,Interno  confine regionale,POINT (491928.2185368543 5064968.266135512)
252,1,Stazione,CASBENO,1,Interno  confine regionale,POINT (485134.66481665993 5073667.145848533)
253,1,Stazione,TERNATE-VARANO BORGHI,1,Interno  confine regionale,POINT (476728.3602888791 5069927.6650585)
254,1,Stazione,AMBIVERE-MAPELLO,1,Interno  confine regionale,POINT (542734.95194691 5063492.124569153)
255,1,Stazione,PROVAGLIO D'ISEO,1,Interno  confine regionale,POINT (580402.1673334514 5054137.102317424)
256,1,Stazione,DESENZANO DEL GARDA-SIRMIONE,1,Interno  confine regionale,POINT (620053.1670555901 5035524.093310276)
257,1,Stazione,CARAVAGGIO,1,Interno  confine regionale,POINT (550260.947313895 5037504.599442311)
258,2,Scalo,SEGRATE,1,Interno  confine regionale,POINT (520496.69768787763 5035649.691024994)
259,1,Stazione,SORBOLO,2,Esterno confine regionale,POINT (614177.2374723433 4966194.377382175)
260,1,Stazione,CHIOZZOLA,2,Esterno confine regionale,POINT (610156.3119304975 4964357.44610327)
261,1,Stazione,DONNA,2,Esterno confine regionale,POINT (477434.42305602896 4962642.712443037)
262,1,Stazione,PARMA,2,Esterno confine regionale,POINT (605124.6537748653 4962505.510047537)
263,1,Stazione,CAMPOSANTO,2,Esterno confine regionale,POINT (669585.5615955207 4961405.87768509)
264,1,Stazione,POZZOLO FORMIGARO,2,Esterno confine regionale,POINT (482923.9126669981 4960414.778536264)
265,1,Stazione,CARPI,2,Esterno confine regionale,POINT (649671.7053629442 4960255.975843711)
266,1,Stazione,S.ILARIO D'ENZA,2,Esterno confine regionale,POINT (614764.8063545154 4957637.12590556)
267,1,Stazione,NOVI LIGURE,2,Esterno confine regionale,POINT (482701.9408340317 4957040.342008454)
268,1,Stazione,CADE`,2,Esterno confine regionale,POINT (620270.5599853286 4955200.19443015)
269,1,Stazione,CREVALCORE,2,Esterno confine regionale,POINT (670481.3851077592 4953719.036790689)
270,1,Stazione,REGGIO NELL'EMILIA,2,Esterno confine regionale,POINT (630224.7994477634 4950303.823244506)
271,1,Stazione,ANDERMATT,2,Esterno confine regionale,POINT (468451.45891131466 5167879.335847624)
272,1,Stazione,GIUBIASCO,2,Esterno confine regionale,POINT (500226.2547822652 5113375.880785197)
273,1,Stazione,LOCARNO,2,Esterno confine regionale,POINT (484659.6162437496 5113241.126610915)
274,1,Stazione,RANZO-S.ABBONDIO,2,Esterno confine regionale,POINT (483315.94576593733 5106969.704531919)
275,1,Stazione,PINO-TRONZANO,1,Interno  confine regionale,POINT (480042.96930078894 5105054.2586421715)
276,1,Stazione,MACCAGNO,1,Interno  confine regionale,POINT (479706.5186877726 5098731.320218414)
277,1,Stazione,PORTO VALTRAVAGLIA,1,Interno  confine regionale,POINT (477301.9375683755 5090949.909098494)
278,1,Stazione,CALDE`,1,Interno  confine regionale,POINT (474374.43009087164 5087983.952428691)
279,1,Stazione,PORTO CERESIO,1,Interno  confine regionale,POINT (492192.6148603208 5083163.491392491)
280,1,Stazione,SAMOLACO,1,Interno  confine regionale,POINT (532686.7895104893 5121559.766933298)
281,1,Stazione,PIONA,1,Interno  confine regionale,POINT (527111.8403648053 5108037.020268713)
282,1,Stazione,ROGOLO,1,Interno  confine regionale,POINT (537448.5649914677 5109510.831596014)
283,1,Stazione,BELLANO-TARTAVALLE T.,1,Interno  confine regionale,POINT (523455.9601123314 5098531.221540725)
284,1,Stazione,VARENNA-ESINO,1,Interno  confine regionale,POINT (522180.986156182 5095688.792886304)
285,1,Stazione,FORNO ALLIONE,1,Interno  confine regionale,POINT (601718.54774147 5104794.957863926)
286,1,Stazione,CETO-CERVENO,1,Interno  confine regionale,POINT (603948.741277755 5094697.118353268)
287,1,Stazione,LAVENO-MOMBELLO,1,Interno  confine regionale,POINT (470517.0400793012 5083658.01031981)
288,1,Stazione,NIARDO-LOSINE,1,Interno  confine regionale,POINT (602248.7520149029 5091753.697989534)
289,1,Stazione,CIVIDATE-MALEGNO,1,Interno  confine regionale,POINT (598219.0600381943 5088641.300998843)
290,1,Stazione,COGNO-ESINE,1,Interno  confine regionale,POINT (596081.5841222465 5086940.856335986)
291,1,Stazione,ERBANNO-ANGONE,1,Interno  confine regionale,POINT (592762.5993081863 5083718.947961134)
292,1,Stazione,COSIO-TRAONA,1,Interno  confine regionale,POINT (540460.5053171945 5109331.783607165)
293,1,Stazione,ARDENNO-MASINO,1,Interno  confine regionale,POINT (550228.3561852139 5112144.080441335)
294,1,Stazione,S.PIETRO-BERBENNO,1,Interno  confine regionale,POINT (557094.7595007946 5112173.996717559)
295,1,Stazione,CASTIONE ANDEVENNO,1,Interno  confine regionale,POINT (561650.9670692297 5112350.957707219)
296,1,Stazione,POGGIRIDENTI-TRESIVIO-PIATEDA,1,Interno  confine regionale,POINT (572035.2660903302 5113139.950049738)
297,1,Stazione,PONTE IN VALTELLINA,1,Interno  confine regionale,POINT (575328.6073156185 5112615.968213927)
298,1,Stazione,TRESENDA-APRICA-TEGLIO,1,Interno  confine regionale,POINT (583602.4927420804 5112707.966460835)
299,1,Stazione,S.GIACOMO DI TEGLIO,1,Interno  confine regionale,POINT (579974.7979532352 5112273.981200146)
300,1,Stazione,COCQUIO TREVISAGO,1,Interno  confine regionale,POINT (475914.75253211777 5078387.052018249)
301,1,Stazione,BARASSO-COMERIO,1,Interno  confine regionale,POINT (479442.9115313909 5076094.087574474)
302,1,Stazione,MOROSOLO-CASCIAGO,1,Interno  confine regionale,POINT (480685.258819039 5075592.599907616)
303,1,Stazione,VARESE NORD,1,Interno  confine regionale,POINT (487404.00067865086 5073208.66034044)
304,1,Stazione,INDUNO OLONA,1,Interno  confine regionale,POINT (487418.0530711775 5076932.607500795)
305,1,Stazione,BISUSCHIO-VIGGIU`,1,Interno  confine regionale,POINT (491245.8031742813 5079563.064523816)
306,1,Stazione,LEGGIUNO-MONVALLE,1,Interno  confine regionale,POINT (471277.32714617404 5079093.559823161)
307,1,Stazione,TRAVEDONA-BIANDRONNO,1,Interno  confine regionale,POINT (476507.15641330584 5072813.123828776)
308,1,Stazione,MORNAGO CIMBRO,1,Interno  confine regionale,POINT (479398.1208184399 5063811.260173797)
309,1,Stazione,BESNATE,1,Interno  confine regionale,POINT (481427.4347885237 5060018.813384131)
310,1,Stazione,DORMELLETTO,2,Esterno confine regionale,POINT (467515.6089696611 5063305.794224775)
311,1,Stazione,TAINO-ANGERA,1,Interno  confine regionale,POINT (469473.6756112855 5068778.703325417)
312,1,Stazione,CASTELLETTO SOPRA TICINO,2,Esterno confine regionale,POINT (471958.6728002121 5061860.302363675)
313,1,Stazione,GARBAGNA,2,Esterno confine regionale,POINT (473911.96475180594 5025587.821161171)
314,1,Stazione,VANZAGO-POGLIANO,1,Interno  confine regionale,POINT (499754.7970797784 5041351.318242828)
315,1,Stazione,TURBIGO,1,Interno  confine regionale,POINT (479758.82625309686 5041926.08129532)
316,1,Stazione,PONTE TICINO,1,Interno  confine regionale,POINT (478508.82404078403 5040208.118480178)
317,1,Stazione,VERGIATE,1,Interno  confine regionale,POINT (476270.7637033442 5062208.781960622)
318,1,Stazione,CAVARIA-OGGIONA-JERAGO,1,Interno  confine regionale,POINT (484431.28056602867 5060353.309491702)
319,1,Stazione,ALBIZZATE-SOLBIATE ARNO,1,Interno  confine regionale,POINT (484988.0488139422 5063271.276455607)
320,1,Stazione,GAZZADA SCHIANNO-MORAZZONE,1,Interno  confine regionale,POINT (486708.962855297 5069301.70860985)
321,1,Stazione,VENEGONO SUP.-CASTIGLIONE OLONA,1,Interno  confine regionale,POINT (491488.61972711276 5067095.245606793)
322,1,Stazione,TRADATE-ABBIATE GUAZZONE,1,Interno  confine regionale,POINT (494852.88456968113 5059777.301832759)
323,1,Stazione,LOCATE VARESINO,1,Interno  confine regionale,POINT (495501.87029962585 5059180.804303955)
324,1,Stazione,GRANDATE-BRECCIA,1,Interno  confine regionale,POINT (504536.11414607795 5069749.615052985)
325,1,Stazione,ALBATE-CAMERLATA,1,Interno  confine regionale,POINT (505744.9850276692 5069302.606814184)
326,1,Stazione,COMO NORD-CAMERLATA,1,Interno  confine regionale,POINT (506220.62551314785 5070123.585798367)
327,1,Stazione,ALBATE-TRECALLO,1,Interno  confine regionale,POINT (507506.47611645976 5069151.581777691)
328,1,Stazione,PORTICHETTO-LUISAGO,1,Interno  confine regionale,POINT (503836.4434278836 5067276.663952442)
329,1,Stazione,CANTU`,1,Interno  confine regionale,POINT (510214.5325627737 5066367.076852199)
330,1,Stazione,BRENNA-ALZATE,1,Interno  confine regionale,POINT (514314.3957086632 5066815.4966937)
331,1,Stazione,COMO BORGHI,1,Interno  confine regionale,POINT (506997.4155964589 5072360.536756146)
332,1,Stazione,COMO LAGO,1,Interno  confine regionale,POINT (506531.68384999136 5073221.528416623)
333,1,Stazione,COMO S.GIOVANNI,1,Interno  confine regionale,POINT (505668.54952123086 5072733.048701598)
334,1,Stazione,CADORAGO,1,Interno  confine regionale,POINT (503213.2694869616 5063759.207839282)
335,1,Stazione,GERENZANO-TURATE,1,Interno  confine regionale,POINT (500267.42555818683 5054720.788402145)
336,1,Stazione,CARONNO-PERTUSELLA,1,Interno  confine regionale,POINT (504835.0824356205 5049107.75606158)
337,1,Stazione,QUARTO OGGIARO,1,Interno  confine regionale,POINT (511079.95462512894 5041137.674449475)
338,1,Stazione,MI-P.TA GENOVA,1,Interno  confine regionale,POINT (513290.88018368115 5033316.717129566)
339,1,Stazione,MI-CADORNA,1,Interno  confine regionale,POINT (513818.88782881683 5035075.684333707)
340,1,Stazione,MI-P.TA GARIBALDI,1,Interno  confine regionale,POINT (514573.3948135971 5036991.64492978)
341,1,Stazione,MILANO C.LE,1,Interno  confine regionale,POINT (516090.1424407613 5036945.130488886)
342,1,Stazione,MI-P.TA VITTORIA,1,Interno  confine regionale,POINT (517201.0165931183 5034005.683423546)
343,1,Stazione,MI-P.TA ROMANA,1,Interno  confine regionale,POINT (515664.9880577409 5032229.701712457)
344,1,Stazione,MI-ROGOREDO,1,Interno  confine regionale,POINT (518612.3947621045 5031285.22868343)
345,1,Stazione,MI-LAMBRATE,1,Interno  confine regionale,POINT (518551.17743663397 5036862.157500096)
346,1,Stazione,MI-GRECO PIRELLI,1,Interno  confine regionale,POINT (516671.9261956323 5039876.111286002)
347,1,Stazione,MI-BOVISA,1,Interno  confine regionale,POINT (512560.4181669435 5038824.652918895)
348,1,Stazione,MI-CERTOSA,1,Interno  confine regionale,POINT (511675.9251115387 5038984.166857669)
349,1,Stazione,MI-AFFORI,1,Interno  confine regionale,POINT (513083.5641830465 5040743.6431672415)
350,1,Stazione,S.CRISTOFORO,1,Interno  confine regionale,POINT (510124.01267994905 5032151.27518959)
351,1,Stazione,ROVELLASCA-MANERA,1,Interno  confine regionale,POINT (502895.1850440644 5056817.767083685)
352,1,Stazione,ROVELLO PORRO,1,Interno  confine regionale,POINT (502681.1691112125 5055310.269758188)
353,1,Stazione,CORMANO,1,Interno  confine regionale,POINT (513538.9677180935 5043207.634181535)
354,1,Stazione,CUSANO MILANINO,1,Interno  confine regionale,POINT (513599.72459877684 5043778.632812008)
355,1,Stazione,PADERNO DUGNANO,1,Interno  confine regionale,POINT (512634.6261467224 5045544.646426178)
356,1,Stazione,PALAZZOLO MILANESE,1,Interno  confine regionale,POINT (512163.14772734995 5047123.152385071)
357,1,Stazione,BOVISIO-MOMBELLO,1,Interno  confine regionale,POINT (511000.3208134454 5050857.158373159)
358,1,Stazione,CAMNAGO LENTATE,1,Interno  confine regionale,POINT (510428.149581327 5057358.645344128)
359,1,Stazione,CARIMATE,1,Interno  confine regionale,POINT (508563.70222808275 5060177.161506794)
360,1,Stazione,CANTU`-CERMENATE,1,Interno  confine regionale,POINT (507812.2368907984 5062286.158112886)
361,1,Stazione,CUCCIAGO,1,Interno  confine regionale,POINT (506381.9099727012 5065117.159623859)
362,1,Stazione,LAMBRUGO,1,Interno  confine regionale,POINT (518540.499132232 5067612.3826450175)
363,1,Stazione,MONZA SOBBORGHI,1,Interno  confine regionale,POINT (522128.576332836 5047510.138711188)
364,1,Stazione,CARNATE-USMATE,1,Interno  confine regionale,POINT (529224.1328923933 5055484.3608238185)
365,1,Stazione,PADERNO-ROBBIATE,1,Interno  confine regionale,POINT (534026.0792029757 5058405.772141822)
366,1,Stazione,CERNUSCO-MERATE,1,Interno  confine regionale,POINT (530807.0117651051 5060193.752438274)
367,1,Stazione,OLGIATE-CALCO-BRIVIO,1,Interno  confine regionale,POINT (531407.042348583 5064071.682799304)
368,1,Stazione,LISSONE-MUGGIO`,1,Interno  confine regionale,POINT (518343.5562520444 5050342.575725817)
369,1,Stazione,MACHERIO,1,Interno  confine regionale,POINT (520828.32391869655 5054284.483175695)
370,1,Stazione,BIASSONO-LESMO-PARCO,1,Interno  confine regionale,POINT (523296.5732296207 5053296.4804886235)
371,1,Stazione,MACHERIO-CANONICA,1,Interno  confine regionale,POINT (522320.1959331223 5054622.454158165)
372,1,Stazione,TRIUGGIO-PONTE ALBIATE,1,Interno  confine regionale,POINT (520622.32789272384 5056865.928683001)
373,1,Stazione,CARATE BRIANZA-CALO`,1,Interno  confine regionale,POINT (519679.096837399 5058014.935972844)
374,1,Stazione,RENATE-VEDUGGIO,1,Interno  confine regionale,POINT (521681.65698738606 5063852.33092469)
375,1,Stazione,CASSAGO-NIBIONNO-BULCIAGO,1,Interno  confine regionale,POINT (521594.8066228138 5065713.81426588)
376,1,Stazione,COSTA MASNAGA,1,Interno  confine regionale,POINT (521692.8372494817 5067534.792844129)
377,1,Stazione,CASLETTO-ROGENO,1,Interno  confine regionale,POINT (521442.26799133763 5070161.273211071)
378,1,Stazione,MOLTENO,1,Interno  confine regionale,POINT (523210.3621883268 5069663.727015273)
379,1,Stazione,SALA AL BARRO-GALBIATE,1,Interno  confine regionale,POINT (528408.242022012 5073968.573417075)
380,1,Stazione,CIVATE,1,Interno  confine regionale,POINT (527576.0287432079 5075208.070275809)
381,1,Stazione,LECCO-MAGGIANICO,1,Interno  confine regionale,POINT (532277.316061794 5074909.002922665)
382,1,Stazione,VERCURAGO-S.GIROLAMO,1,Interno  confine regionale,POINT (532942.2704790105 5072779.026904318)
383,1,Stazione,CALOLZIOCORTE-OLGINATE,1,Interno  confine regionale,POINT (533533.3711652089 5071856.53395897)
384,1,Stazione,LEZZA-CARPESINO,1,Interno  confine regionale,POINT (517735.0233501751 5074238.341466463)
385,1,Stazione,CASLINO DI ERBA,1,Interno  confine regionale,POINT (518239.17144224397 5075647.312479631)
386,1,Stazione,CANZO,1,Interno  confine regionale,POINT (520905.9257395514 5077280.199228077)
387,1,Stazione,ASSO,1,Interno  confine regionale,POINT (520714.9456995391 5077975.690182213)
388,1,Stazione,TERNO D'ISOLA,1,Interno  confine regionale,POINT (541640.3077177284 5059518.217332964)
389,1,Stazione,S.ZENONE AL LAMBRO,1,Interno  confine regionale,POINT (528414.9046912843 5020450.835951996)
390,1,Stazione,PIOLTELLO-LIMITO,1,Interno  confine regionale,POINT (525634.2778751095 5036931.730115022)
391,1,Stazione,TREVIGLIO OVEST,1,Interno  confine regionale,POINT (545206.6467679447 5040761.568669363)
392,1,Stazione,TREVIGLIO,1,Interno  confine regionale,POINT (545944.1376055887 5040270.073510106)
393,1,Stazione,COLMEGNA,1,Interno  confine regionale,POINT (480972.9803848365 5097197.326476458)
394,1,Stazione,PORTO VARALLO POMBIA,2,Esterno confine regionale,POINT (471706.1386608798 5059159.846322384)
395,1,Stazione,PIZZIGHETTONE,1,Interno  confine regionale,POINT (560865.7271767948 5003355.391979577)
396,1,Stazione,CHIAVENNA,1,Interno  confine regionale,POINT (531298.0539249447 5129830.720213632)
397,1,Stazione,S. CASSIANO,1,Interno  confine regionale,POINT (531105.9718548807 5123825.77645033)
398,1,Stazione,TIRANO,1,Interno  confine regionale,POINT (589931.7983371484 5118715.694914405)
399,1,Stazione,NOVATE MEZZOLA,1,Interno  confine regionale,POINT (534407.4703216676 5118130.274117109)
400,1,Stazione,VILLA DI TIRANO,1,Interno  confine regionale,POINT (587292.3735001726 5116488.302848816)
401,1,Stazione,VERCEIA,1,Interno  confine regionale,POINT (534868.1797807703 5115339.298428576)
402,1,Stazione,EDOLO,1,Interno  confine regionale,POINT (602601.0614596886 5114474.729333546)
403,1,Stazione,BIANZONE,1,Interno  confine regionale,POINT (585258.4409181795 5114043.904322076)
404,1,Stazione,SONDRIO,1,Interno  confine regionale,POINT (567200.6754104903 5112996.938051191)
405,1,Stazione,SONICO,1,Interno  confine regionale,POINT (604412.2903321105 5112892.742975645)
406,1,Stazione,CHIURO,1,Interno  confine regionale,POINT (576968.0852112102 5112820.4647365315)
407,1,Stazione,DUBINO,1,Interno  confine regionale,POINT (532387.3018785814 5112036.879912823)
408,1,Stazione,TALAMONA,1,Interno  confine regionale,POINT (546106.9056022371 5109835.183559601)
409,1,Stazione,COLICO,1,Interno  confine regionale,POINT (529035.2009972542 5109541.469185182)
410,1,Stazione,MORBEGNO,1,Interno  confine regionale,POINT (543875.1917792044 5109524.223040925)
411,1,Stazione,DELEBIO,1,Interno  confine regionale,POINT (535652.5994960642 5109511.861936864)
412,1,Stazione,MALONNO,1,Interno  confine regionale,POINT (601728.5570988636 5107879.387532626)
413,1,Stazione,DORIO,1,Interno  confine regionale,POINT (524736.4732725787 5105508.089736694)
414,1,Stazione,DERVIO,1,Interno  confine regionale,POINT (523621.7106212608 5102749.1436752565)
415,1,Stazione,CEDEGOLO,1,Interno  confine regionale,POINT (604332.1291134984 5102654.962910845)
416,1,Stazione,SELLERO,1,Interno  confine regionale,POINT (604524.4980807998 5100736.9954192)
417,1,Stazione,CAPO DI PONTE,1,Interno  confine regionale,POINT (604274.6203770279 5098177.547570039)
418,1,Stazione,REGOLEDO,1,Interno  confine regionale,POINT (522703.47322637646 5097322.754852777)
419,1,Stazione,LUGANO,2,Esterno confine regionale,POINT (495864.30219480273 5094565.237729524)
420,1,Stazione,FIUMELATTE,1,Interno  confine regionale,POINT (522825.4706807474 5093967.31417851)
421,1,Stazione,LUINO,1,Interno  confine regionale,POINT (479634.69704473263 5093559.871543957)
422,1,Stazione,BRENO,1,Interno  confine regionale,POINT (601038.3926518412 5090229.23917502)
423,1,Stazione,LIERNA,1,Interno  confine regionale,POINT (523582.2598004026 5089707.386876897)
424,1,Stazione,OLCIO,1,Interno  confine regionale,POINT (524541.9476074735 5087070.419808962)
425,1,Stazione,PIAN DI BORNO,1,Interno  confine regionale,POINT (594817.2178285108 5085584.895023196)
426,1,Stazione,MANDELLO D. LARIO,1,Interno  confine regionale,POINT (524926.6513903684 5084678.957358199)
427,1,Stazione,CAPOLAGO,2,Esterno confine regionale,POINT (498521.71496739145 5082978.941859715)
428,1,Stazione,ABBADIA LARIANA,1,Interno  confine regionale,POINT (526150.960933425 5082779.466823469)
429,1,Stazione,DARFO,1,Interno  confine regionale,POINT (592054.5905168976 5082331.975091673)
430,1,Stazione,CITTIGLIO,1,Interno  confine regionale,POINT (474296.95898719464 5081951.515698346)
431,1,Stazione,GEMONIO,1,Interno  confine regionale,POINT (474701.30182534456 5080358.032965815)
432,1,Stazione,SANGIANO,1,Interno  confine regionale,POINT (471489.33765343233 5079883.549993315)
433,1,Stazione,MENDRISIO,2,Esterno confine regionale,POINT (498397.50510551577 5079325.032814188)
434,1,Stazione,ARTOGNE,1,Interno  confine regionale,POINT (589806.5725310264 5078954.54202608)
435,1,Stazione,ARCISATE,1,Interno  confine regionale,POINT (489218.17910096626 5078295.586855148)
436,1,Stazione,LECCO,1,Interno  confine regionale,POINT (530944.7690511771 5077899.973274901)
437,1,Stazione,PIAN CAMUNO,1,Interno  confine regionale,POINT (588258.0599091391 5076912.081478603)
438,1,Stazione,GAVIRATE,1,Interno  confine regionale,POINT (477889.82325382193 5076845.071408908)
439,1,Stazione,VALMADRERA,1,Interno  confine regionale,POINT (528587.7907755313 5076763.030072679)
440,1,Stazione,BELGIRATE,2,Esterno confine regionale,POINT (466516.84980345384 5076661.109229519)
441,1,Stazione,BESOZZO,1,Interno  confine regionale,POINT (473912.7453232692 5076342.582771941)
442,1,Stazione,PONTE LAMBRO,1,Interno  confine regionale,POINT (517536.4221351176 5075238.837646936)
443,1,Stazione,CHIASSO,2,Esterno confine regionale,POINT (502538.3219834919 5075218.558173234)
444,1,Stazione,LESA,2,Esterno confine regionale,POINT (465819.57583846914 5074708.642513443)
445,1,Stazione,VARESE,1,Interno  confine regionale,POINT (487569.75620125106 5073856.6525651505)
446,1,Stazione,ERBA,1,Interno  confine regionale,POINT (517951.6251337318 5073270.844480646)
447,1,Stazione,PISOGNE,1,Interno  confine regionale,POINT (585917.7721107565 5073105.155633011)
448,1,Stazione,ISPRA,1,Interno  confine regionale,POINT (470724.23206130223 5073011.638992374)
449,1,Stazione,MEINA,2,Esterno confine regionale,POINT (463975.5413802363 5071118.715581191)
450,1,Stazione,MALNATE,1,Interno  confine regionale,POINT (490632.67896213406 5071048.195945129)
451,1,Stazione,OGGIONO,1,Interno  confine regionale,POINT (526146.8403493421 5070477.645435166)
452,1,Stazione,MOIANA,1,Interno  confine regionale,POINT (519917.28948876925 5070324.315941175)
453,1,Stazione,MERONE,1,Interno  confine regionale,POINT (518956.28646702087 5069627.850808437)
454,1,Stazione,VEDANO OLONA,1,Interno  confine regionale,POINT (491321.898391829 5069301.218738847)
455,1,Stazione,ANZANO DEL PARCO,1,Interno  confine regionale,POINT (515799.53941559664 5068050.957369166)
456,1,Stazione,ARONA,2,Esterno confine regionale,POINT (465747.18780630926 5066704.756077919)
457,1,Stazione,AIRUNO,1,Interno  confine regionale,POINT (532816.7990927201 5066634.125809827)
458,1,Stazione,FINO MORNASCO,1,Interno  confine regionale,POINT (503452.79314492026 5065655.689060455)
459,1,Stazione,CASTRONNO,1,Interno  confine regionale,POINT (485489.93563978025 5065459.252886082)
460,1,Stazione,MARONE,1,Interno  confine regionale,POINT (585137.3981728299 5065407.795221459)
461,1,Stazione,CISANO,1,Interno  confine regionale,POINT (536636.3460047783 5065148.124428882)
462,1,Stazione,INVERIGO,1,Interno  confine regionale,POINT (517489.7153344992 5065053.434485883)
463,1,Stazione,PONTIDA,1,Interno  confine regionale,POINT (538912.539409979 5064185.1310730595)
464,1,Stazione,SESTO CALENDE,1,Interno  confine regionale,POINT (471563.32599050226 5063685.774572726)
465,1,Stazione,AROSIO,1,Interno  confine regionale,POINT (516406.81352196046 5062534.48093027)
466,1,Stazione,CASLINO AL PIANO,1,Interno  confine regionale,POINT (503210.3707022074 5061841.224225425)
467,1,Stazione,TRADATE,1,Interno  confine regionale,POINT (492798.92995750124 5061736.7908497015)
468,1,Stazione,CARUGO,1,Interno  confine regionale,POINT (515504.92723249004 5061308.01048246)
469,1,Stazione,BESANA IN BRIANZA,1,Interno  confine regionale,POINT (522013.6188151846 5061080.851045441)
470,1,Stazione,PONTE S. PIETRO,1,Interno  confine regionale,POINT (545185.3718273375 5060816.171378108)
471,1,Stazione,LOMAZZO,1,Interno  confine regionale,POINT (502901.9803927932 5060548.737883345)
472,1,Stazione,MARIANO COMENSE,1,Interno  confine regionale,POINT (514101.4160781058 5060022.547515695)
473,1,Stazione,BERGAMO,1,Interno  confine regionale,POINT (552554.1458210004 5059810.1400689855)
474,1,Stazione,VILLA RAVERIO,1,Interno  confine regionale,POINT (520424.73980328074 5059764.40276893)
475,1,Stazione,BORGO TICINO,2,Esterno confine regionale,POINT (469058.542156719 5059718.3475358905)
476,1,Stazione,SERIATE,1,Interno  confine regionale,POINT (556413.2318568309 5059150.128123222)
477,1,Stazione,ALBANO S. ALESSANDRO,1,Interno  confine regionale,POINT (559932.3399952096 5059090.604936271)
478,1,Stazione,CALUSCO D`ADDA,1,Interno  confine regionale,POINT (536597.4142554607 5059014.250151256)
479,1,Stazione,SOMMA LOMBARDO,1,Interno  confine regionale,POINT (477482.09066843044 5059011.328633357)
480,1,Stazione,PILZONE,1,Interno  confine regionale,POINT (583978.8481601353 5058337.966207401)
481,1,Stazione,OSNAGO,1,Interno  confine regionale,POINT (529980.6279420366 5058291.286927804)
482,1,Stazione,CABIATE,1,Interno  confine regionale,POINT (513184.6448532937 5058237.07904277)
