id_amat;stato;numero;nome;tipo;stalli;sede;id_via;indirizzo;civico;zd_attuale;anno;LONG_X_4326;LAT_Y_4326;Location
1;attiva;001;Duomo;Monofacciale;24;Carreggiata;1;PIAZZA DEL DUOMO;;1;2008;9.18914146264192;45.4647459734079;"(45.4647459734079, 9.18914146264192)"
3;attiva;402;San Babila Bis;Monofacciale;24;Marciapiede;216;PIAZZA SAN BABILA;;1;2008;9.19725017347504;45.4662661364932;"(45.4662661364932, 9.19725017347504)"
4;attiva;003;Cadorna 1;Monofacciale;21;Marciapiede;601;PIAZZALE LUIGI CADORNA;;1;2008;9.17566167305516;45.4680028648953;"(45.4680028648953, 9.17566167305516)"
5;attiva;004;Lanza;Monofacciale;24;Marciapiede;726;LARGO ANTONIO GREPPI;;1;2008;9.18197005904561;45.4722739800171;"(45.4722739800171, 9.18197005904561)"
6;attiva;005;Universita' Cattolica;Monofacciale;24;Marciapiede;643;PIAZZA SANT'AMBROGIO;;1;2008;9.17641155359657;45.4631209673784;"(45.4631209673784, 9.17641155359657)"
7;attiva;006;San Giorgio;Bifacciale;24;Marciapiede;581;PIAZZA SAN GIORGIO;;1;2008;9.18366605858828;45.4608878808649;"(45.4608878808649, 9.18366605858828)"
8;attiva;007;Santa Maria Beltrade;Monofacciale;24;Marciapiede;514;PIAZZA SANTA MARIA BELTRADE;;1;2008;9.18674532661151;45.4628482499691;"(45.4628482499691, 9.18674532661151)"
9;attiva;008;Velasca;Monofacciale;24;Marciapiede;335;PIAZZA VELASCA;;1;2008;9.19029606587832;45.4601004266776;"(45.4601004266776, 9.19029606587832)"
10;attiva;009;S. Stefano;Monofacciale;18;Marciapiede;354;PIAZZA SANTO STEFANO;;1;2008;9.19523943428226;45.4623701589489;"(45.4623701589489, 9.19523943428226)"
11;attiva;010;Missori;Monofacciale;21;Marciapiede;525;PIAZZA GIUSEPPE MISSORI;;1;2008;9.18824619107111;45.4613185926003;"(45.4613185926003, 9.18824619107111)"
12;attiva;011;Castello - Acquario civico;Monofacciale;18;Marciapiede;7098;VIALE GADIO;;1;2008;9.1793195595955;45.4725170134858;"(45.4725170134858, 9.1793195595955)"
13;attiva;012;"San Lorenzo - ""Colonne""";Monofacciale;24;Marciapiede;549;VIA PIO IV;;1;2008;9.18162695308973;45.4586034459909;"(45.4586034459909, 9.18162695308973)"
14;attiva;013;Senato;Monofacciale;18;Marciapiede;263;VIA SENATO - INTERSEZIONE VIA MARINA;;1;2008;9.19753424893042;45.4705059317558;"(45.4705059317558, 9.19753424893042)"
15;attiva;014;San Barnaba H Mangiagalli;Monofacciale;21;Marciapiede;3010;VIA SAN BARNABA;;1;2008;9.19844769773136;45.4595137452634;"(45.4595137452634, 9.19844769773136)"
16;attiva;015;Cantore;Monofacciale;24;Marciapiede;5103;PIAZZALE ANTONIO CANTORE;;6;2008;9.17267437155533;45.455873661545;"(45.455873661545, 9.17267437155533)"
17;attiva;016;Moscova;Bifacciale;24;Marciapiede;1033;LARGO LA FOPPA;;1;2009;9.18453382760899;45.4775449862536;"(45.4775449862536, 9.18453382760899)"
18;attiva;017;Legnano Arena civica;Monofacciale;18;Marciapiede;7082;VIA LEGNANO;;1;2008;9.18088607916873;45.477148321058;"(45.477148321058, 9.18088607916873)"
19;attiva;018;Tommaseo;Monofacciale;24;Marciapiede;6175;PIAZZA NICOLO' TOMMASEO;;1;2008;9.1666520074894;45.4695563984539;"(45.4695563984539, 9.1666520074894)"
21;attiva;019;Italia - Santa Sofia;Monofacciale;24;Marciapiede;526;CORSO ITALIA;;1;2008;9.18744983532434;45.4557418435793;"(45.4557418435793, 9.18744983532434)"
22;attiva;020;Erculea;Monofacciale;21;Marciapiede;409;PIAZZA ERCULEA;;1;2008;9.18964481899842;45.4590957965202;"(45.4590957965202, 9.18964481899842)"
23;attiva;021;Universita' Bocconi;Monofacciale;24;Marciapiede;4050;VIA FERDINANDO BOCCONI;;5;2008;9.19040924007086;45.4486325672959;"(45.4486325672959, 9.19040924007086)"
24;attiva;022;Medaglie d'Oro 1;Monofacciale;21;Marciapiede;4068;CORSO LODI;;4;2008;9.20335042234346;45.4516120194863;"(45.4516120194863, 9.20335042234346)"
25;attiva;023;Regina Margherita;Monofacciale;24;Marciapiede;3059;VIALE REGINA MARGHERITA;;1;2008;9.20530076670096;45.4582504719148;"(45.4582504719148, 9.20530076670096)"
27;attiva;024;Tricolore;Monofacciale;24;Marciapiede;3047;PIAZZA DEL TRICOLORE;;1;2008;9.20602256554318;45.4678144793675;"(45.4678144793675, 9.20602256554318)"
28;attiva;025;Centrale 1;Monofacciale;24;Marciapiede;1200;PIAZZA DUCA D'AOSTA - LATO SX;;2;2008;9.20249256366145;45.4854101879401;"(45.4854101879401, 9.20249256366145)"
29;attiva;026;Centrale 2;Monofacciale;24;Marciapiede;1200;PIAZZA DUCA D'AOSTA - LATO DX;;2;2008;9.20424424701194;45.4845393174476;"(45.4845393174476, 9.20424424701194)"
30;attiva;027;Porta Venezia;Bifacciale;24;Marciapiede;2106;BASTIONI DI PORTA VENEZIA;;1;2008;9.20453150777936;45.4746355492396;"(45.4746355492396, 9.20453150777936)"
31;attiva;028;San Giovanni sul Muro;Bifacciale;24;Marciapiede;727;LARGO MARIA CALLAS;;1;2008;9.18143258067879;45.4675657052873;"(45.4675657052873, 9.18143258067879)"
32;attiva;029;San Pietro in Gessate;Monofacciale;24;Marciapiede;3016;CORSO DI PORTA VITTORIA;;1;2008;9.20139318404943;45.4623917403834;"(45.4623917403834, 9.20139318404943)"
33;attiva;030;Crocetta;Monofacciale;21;Marciapiede;654;LARGO DELLA CROCETTA;;1;2008;9.19571751984611;45.4562244456841;"(45.4562244456841, 9.19571751984611)"
34;attiva;031;Brenta MM;Bifacciale;36;Marciapiede;4171;VIALE BACCHIGLIONE - INTERSEZIONE CORSO LODI;;4;2014;9.21929618593964;45.4426816786429;"(45.4426816786429, 9.21929618593964)"
36;attiva;032;Manin - Bastioni;Monofacciale;30;Carreggiata;1052;VIA DANIELE MANIN;;1;2008;9.19831572335415;45.4768598349817;"(45.4768598349817, 9.19831572335415)"
37;attiva;033;Triennale;Monofacciale;24;Marciapiede;7106;VIALE EMILIO ALEMAGNA;;1;2008;9.17365222212232;45.4718139061478;"(45.4718139061478, 9.17365222212232)"
38;attiva;034;Cairoli;Monofacciale;21;Carreggiata;609;VIA SAN GIOVANNI SUL MURO;1;1;2008;9.18215375148313;45.4676530174401;"(45.4676530174401, 9.18215375148313)"
39;attiva;035;Torino - Carrobbio;Monofacciale;21;Marciapiede;543;VIA TORINO;79;1;2008;9.18188332228103;45.4604909904789;"(45.4604909904789, 9.18188332228103)"
40;attiva;036;San Vito;Monofacciale;24;Marciapiede;539;VIA SAN VITO;;1;2008;9.18372934798512;45.4592409041359;"(45.4592409041359, 9.18372934798512)"
41;attiva;037;Italia - San Martino;Monofacciale;24;Marciapiede;526;CORSO ITALIA;;1;2008;9.18697241044834;45.4531611964546;"(45.4531611964546, 9.18697241044834)"
42;attiva;038;XXIV Maggio;Bifacciale;24;Marciapiede;5200;PIAZZA VENTIQUATTRO MAGGIO;;5;2009;9.17955442498302;45.4522205956815;"(45.4522205956815, 9.17955442498302)"
43;attiva;039;XXV Aprile;Bifacciale;24;Marciapiede;1010;CORSO GARIBALDI;;1;2008;9.18667417407877;45.4801729977672;"(45.4801729977672, 9.18667417407877)"
44;attiva;040;Morozzo della Rocca;Monofacciale;24;Carreggiata;6215;VIA MOROZZO DELLA ROCCA;;1;2008;9.16893363778206;45.4639716238638;"(45.4639716238638, 9.16893363778206)"
45;attiva;041;Conciliazione;Monofacciale;18;Marciapiede;6178;PIAZZA DELLA CONCILIAZIONE;;1;2008;9.16696608859794;45.46771276118;"(45.46771276118, 9.16696608859794)"
46;attiva;042;San Pietro all'Orto;Monofacciale;24;Carreggiata;213;VIA SAN PIETRO ALL'ORTO;;1;2008;9.1955728858494;45.4662049385733;"(45.4662049385733, 9.1955728858494)"
47;attiva;043;Festa del Perdono;Monofacciale;24;Marciapiede;327;VIA FESTA DEL PERDONO;;1;2008;9.19477082446849;45.4614058803605;"(45.4614058803605, 9.19477082446849)"
48;attiva;044;Richini;Monofacciale;24;Marciapiede;331;LARGO FRANCESCO RICHINI;;1;2008;9.19301237029974;45.4594363384325;"(45.4594363384325, 9.19301237029974)"
49;attiva;045;Cantu';Monofacciale;21;Marciapiede;573;VIA CESARE CANTU';4;1;2008;9.18666064842151;45.4641772256337;"(45.4641772256337, 9.18666064842151)"
50;attiva;046;Porta Nuova;Monofacciale;24;Marciapiede;1061;PIAZZALE PRINCIPESSA CLOTILDE;;9;2008;9.19283668224038;45.4800400879385;"(45.4800400879385, 9.19283668224038)"
51;attiva;047;Gorizia 1;Monofacciale;24;Marciapiede;5156;VIALE GORIZIA;;6;2008;9.17752197085618;45.452324972304;"(45.452324972304, 9.17752197085618)"
52;attiva;048;Gorizia 2;Monofacciale;21;Marciapiede;5156;VIALE GORIZIA;;6;2008;9.17762495092262;45.4522159171823;"(45.4522159171823, 9.17762495092262)"
53;attiva;049;Meda;Monofacciale;24;Carreggiata;212;VIA SAN PAOLO;;1;2008;9.19306081939225;45.4663964944685;"(45.4663964944685, 9.19306081939225)"
54;attiva;050;Beccaria;Monofacciale;24;Carreggiata;306;PIAZZA CESARE BECCARIA;;1;2008;9.19466659425632;45.4643884978387;"(45.4643884978387, 9.19466659425632)"
55;attiva;051;Santa Maria delle Grazie;Monofacciale;24;Carreggiata;6163;VIA FRATELLI RUFFINI;;1;2008;9.16962083000826;45.466716764279;"(45.466716764279, 9.16962083000826)"
56;attiva;052;Vittor Pisani;Monofacciale;24;Marciapiede;1201;VIA VITTOR PISANI;2;2;2008;9.19921231486038;45.480507795561;"(45.480507795561, 9.19921231486038)"
57;attiva;053;Palestro 1;Monofacciale;24;Carreggiata;2102;VIA PALESTRO;;1;2008;9.20183192549237;45.4722871789512;"(45.4722871789512, 9.20183192549237)"
58;attiva;054;Sant'Eustorgio - P.ta Ticinese;Monofacciale;24;Carreggiata;541;CORSO DI PORTA TICINESE;;1;2008;9.18083834052121;45.4551905595516;"(45.4551905595516, 9.18083834052121)"
59;attiva;055;Cinque Giornate;Monofacciale;24;Carreggiata;3053;PIAZZA CINQUE GIORNATE;;1;2008;9.20701931913113;45.462669048266;"(45.462669048266, 9.20701931913113)"
60;attiva;056;Bastioni di Porta Venezia;Monofacciale;24;Carreggiata;2715;VIALE CITTA' DI FIUME;;1;2008;9.20050143838772;45.475973088438;"(45.475973088438, 9.20050143838772)"
61;attiva;057;Brera;Monofacciale;24;Marciapiede;122;VIA BRERA;;1;2008;9.18764124906858;45.4715912829769;"(45.4715912829769, 9.18764124906858)"
63;attiva;059;Palestro 2;Monofacciale;24;Carreggiata;2102;VIA PALESTRO;;1;2008;9.20157581411725;45.4724170820428;"(45.4724170820428, 9.20157581411725)"
64;attiva;060;Edison;Monofacciale;24;Carreggiata;629;VIA DELLA POSTA;8;1;2008;9.18351452172416;45.4643338416919;"(45.4643338416919, 9.18351452172416)"
66;attiva;061;Augusto;Monofacciale;24;Carreggiata;315;LARGO AUGUSTO;;1;2008;9.19839115246274;45.4632558423226;"(45.4632558423226, 9.19839115246274)"
67;attiva;062;Treves;Monofacciale;24;Carreggiata;1026;LARGO CLAUDIO TREVES;;1;2008;9.18678789945444;45.4750450086688;"(45.4750450086688, 9.18678789945444)"
68;attiva;063;Sant'Ambrogio;Monofacciale;24;Marciapiede;554;VIA LANZONE;;1;2008;9.17411567564591;45.4619592041926;"(45.4619592041926, 9.17411567564591)"
69;attiva;064;Diaz;Monofacciale;33;Marciapiede;340;VIA GUGLIELMO MARCONI;;1;2008;9.18986199357857;45.4630967987054;"(45.4630967987054, 9.18986199357857)"
70;attiva;065;Bertarelli;Monofacciale;24;Carreggiata;584;PIAZZA LUIGI VITTORIO BERTARELLI;;1;2008;9.18749324962751;45.4585868687262;"(45.4585868687262, 9.18749324962751)"
71;attiva;066;Cavour;Monofacciale;27;Marciapiede;237;PIAZZA CAVOUR;;1;2008;9.1963405169922;45.4730162025643;"(45.4730162025643, 9.1963405169922)"
72;attiva;067;Repubblica;Monofacciale;24;Carreggiata;1055;PIAZZA DELLA REPUBBLICA;;2;2008;9.19654525393699;45.4790811052852;"(45.4790811052852, 9.19654525393699)"
73;attiva;068;Rotonda della Besana;Monofacciale;24;Carreggiata;3057;VIA EMILIO VISCONTI VENOSTA - INTERSEZIONE VIA ENRICO BESANA;1;1;2008;9.20544600774663;45.4606047447109;"(45.4606047447109, 9.20544600774663)"
74;attiva;069;S. Nazaro in Brolo;Bifacciale;24;Marciapiede;353;PIAZZA SAN NAZARO IN BROLO;;1;2009;9.19264470604846;45.4583022092264;"(45.4583022092264, 9.19264470604846)"
75;attiva;070;Fatebenefratelli;Monofacciale;30;Marciapiede;144;VIA FATEBENEFRATELLI;;1;2008;9.19011422278679;45.4731500885709;"(45.4731500885709, 9.19011422278679)"
76;attiva;071;Medaglie d'Oro 2;Bifacciale;18;Marciapiede;4068;CORSO LODI - INTERSEZIONE PIAZZALE MEDAGLIE D'ORO;;4;2009;9.20300063645407;45.4518484608684;"(45.4518484608684, 9.20300063645407)"
77;attiva;072;Cardinal Ferrari;Monofacciale;21;Carreggiata;4014;VIA SAN CALIMERO;;1;2008;9.19276821062689;45.456708930329;"(45.456708930329, 9.19276821062689)"
78;attiva;073;Majno - Baretti;Monofacciale;24;Carreggiata;2176;VIA GIUSEPPE BARETTI;;1;2009;9.20491361564008;45.4714975993099;"(45.4714975993099, 9.20491361564008)"
79;attiva;074;Dante - San Tomaso;Monofacciale;15;Carreggiata;723;VIA SAN TOMASO;;1;2009;9.18408077662603;45.4670760525911;"(45.4670760525911, 9.18408077662603)"
80;attiva;075;Cusani;Bifacciale;24;Marciapiede;719;VIA CUSANI;;1;2009;9.18500603358194;45.468749618873;"(45.468749618873, 9.18500603358194)"
81;attiva;076;Mentana;Bifacciale;24;Marciapiede;560;PIAZZA MENTANA;;1;2009;9.18195686128818;45.4617789971591;"(45.4617789971591, 9.18195686128818)"
82;attiva;077;Sant'Angelo - P.ta Nuova;Monofacciale;24;Carreggiata;1044;CORSO DI PORTA NUOVA;;1;2009;9.19180363864132;45.4767277122941;"(45.4767277122941, 9.19180363864132)"
83;attiva;078;Aquileia;Monofacciale;24;Marciapiede;6205;PIAZZALE AQUILEIA;;7;2009;9.16337125843966;45.4608561959434;"(45.4608561959434, 9.16337125843966)"
84;attiva;079;Baracca;Monofacciale;24;Marciapiede;6180;PIAZZALE FRANCESCO BARACCA;;1;2009;9.16549173798828;45.4667126686187;"(45.4667126686187, 9.16549173798828)"
85;attiva;080;Manzoni;Monofacciale;24;Carreggiata;147;PIAZZA SANT'ERASMO;;1;2009;9.19238958172027;45.4712411794164;"(45.4712411794164, 9.19238958172027)"
86;attiva;081;Universita' Bocconi 2 - Bach;Monofacciale;30;Marciapiede;4203;VIALE GIOVANNI SEBASTIANO BACH;;5;2009;9.19090907178911;45.4482792437442;"(45.4482792437442, 9.19090907178911)"
87;attiva;082;Dell'Umanitaria;Monofacciale;24;Carreggiata;3148;PIAZZA UMANITARIA;;1;2009;9.20062949637529;45.458159205414;"(45.458159205414, 9.20062949637529)"
89;attiva;083;Rastrelli - Pecorari;Monofacciale;24;Carreggiata;324;VIA RASTRELLI;;1;2009;9.19104241813531;45.4623558238056;"(45.4623558238056, 9.19104241813531)"
90;attiva;084;Cadorna 2;Monofacciale;24;Marciapiede;706;VIA PIETRO PALEOCAPA;;1;2009;9.17616179270347;45.4690435896486;"(45.4690435896486, 9.17616179270347)"
91;attiva;085;D'Ancona;Monofacciale;21;Carreggiata;645;VIA BERNARDINO BUTTINONE;;1;2009;9.17580648338938;45.4657027220107;"(45.4657027220107, 9.17580648338938)"
92;attiva;086;Mascagni;Bifacciale;24;Marciapiede;3034;VIA VINCENZO BELLINI - INTERSEZIONE VIA CONSERVATORIO;;1;2009;9.20311544438374;45.465397078985;"(45.465397078985, 9.20311544438374)"
93;attiva;087;Porta Genova;Monofacciale;27;Carreggiata;5120;PIAZZALE STAZIONE GENOVA;;6;2012;9.16963851975666;45.4529073822278;"(45.4529073822278, 9.16963851975666)"
94;attiva;088;Beatrice d'Este - Cassolo;Monofacciale;24;Marciapiede;4038;VIALE ANGELO FILIPPETTI;;1;2009;9.19756632637689;45.452228145345;"(45.452228145345, 9.19756632637689)"
95;attiva;089;Patellani;Bifacciale;24;Carreggiata;4009;VIA CARLO PATELLANI - INTERSEZIONE VIA BEATRICE D'ESTE;36;5;2009;9.19415243714794;45.4516663065185;"(45.4516663065185, 9.19415243714794)"
96;attiva;090;Gioia - Vespucci;Bifacciale;24;Marciapiede;1108;VIA MELCHIORRE GIOIA;;9;;9.19167000740836;45.4813927219398;"(45.4813927219398, 9.19167000740836)"
97;attiva;091;Gioia - Pirelli;Bifacciale;24;Marciapiede;1195;VIA GIOVANNI BATTISTA PIRELLI - INTERSEZIONE PIAZZA LUIGI EINAUDI;;9;2009;9.19590245563334;45.4840427576049;"(45.4840427576049, 9.19590245563334)"
98;attiva;092;Cordusio - Casati;Monofacciale;30;Carreggiata;625;VIA GABRIO CASATI;;1;2009;9.18550651064366;45.4654854968091;"(45.4654854968091, 9.18550651064366)"
99;attiva;093;Borgogna;Monofacciale;30;Carreggiata;301;VIA BORGOGNA;7;1;2009;9.19978661686939;45.4658440498567;"(45.4658440498567, 9.19978661686939)"
100;attiva;094;Cadorna 3;Bifacciale;30;Marciapiede;601;PIAZZALE LUIGI CADORNA;;1;2012;9.17626278083023;45.4680710993646;"(45.4680710993646, 9.17626278083023)"
101;attiva;095;De Amicis - Conca Del Naviglio;Monofacciale;21;Marciapiede;574;VIA EDMONDO DE AMICIS;23;1;2009;9.17864909435828;45.4582844864401;"(45.4582844864401, 9.17864909435828)"
103;attiva;096;"Donizzetti ""Provincia""";Monofacciale;24;Carreggiata;3030;VIA GAETANO DONIZETTI;;1;2009;9.2044564668814;45.4673355376826;"(45.4673355376826, 9.2044564668814)"
105;attiva;097;Molino delle Armi;Monofacciale;30;Marciapiede;591;VIA MOLINO DELLE ARMI;;1;2009;9.18232795432301;45.456994155795;"(45.456994155795, 9.18232795432301)"
106;attiva;098;San Marco;Monofacciale;24;Carreggiata;1036;VIA SAN MARCO;;1;2009;9.1892366483968;45.4787687300123;"(45.4787687300123, 9.1892366483968)"
107;attiva;099;Arco della Pace 1 - Bertani;Monofacciale;24;Marciapiede;7112;VIA AGOSTINO BERTANI;;1;2009;9.17344894756283;45.4762001620265;"(45.4762001620265, 9.17344894756283)"
108;attiva;100;Palazzo Marino - Caserotte;Monofacciale;36;Carreggiata;197;LARGO RAFFAELE MATTIOLI;;1;2012;9.19134934468475;45.4667660334071;"(45.4667660334071, 9.19134934468475)"
109;attiva;101;Gadio - Paleocapa;Monofacciale;30;Marciapiede;7098;VIALE GADIO;;1;2009;9.17563661533556;45.470086094844;"(45.470086094844, 9.17563661533556)"
110;attiva;102;Arcivescovado;Monofacciale;24;Carreggiata;364;VIA CARLO MARIA MARTINI;;1;2009;9.1931530878564;45.4637941812493;"(45.4637941812493, 9.1931530878564)"
111;attiva;103;Arco della Pace 2 - Pagano;Monofacciale;24;Marciapiede;7111;PIAZZA SEMPIONE - INTERSEZIONE VIA MARIO PAGANO;;1;2009;9.17165611710772;45.4750360320759;"(45.4750360320759, 9.17165611710772)"
112;attiva;104;"M. Gioia - ""Regione""";Monofacciale;36;Carreggiata;1108;VIA MELCHIORRE GIOIA;1;9;2011;9.19680009901585;45.4861564317522;"(45.4861564317522, 9.19680009901585)"
113;attiva;105;Piazzale Lodi;Monofacciale;33;Marciapiede;4249;PIAZZALE LODI - INTERSEZIONE CORSO LODI;;4;2011;9.20990598336659;45.4477485629794;"(45.4477485629794, 9.20990598336659)"
114;attiva;106;Restelli - Galvani RL 1;Bifacciale;36;Marciapiede;1163;VIALE FRANCESCO RESTELLI;;9;2012;9.1946336743152;45.4873063421242;"(45.4873063421242, 9.1946336743152)"
115;attiva;107;S. Gioachimo;Monofacciale;39;Marciapiede;1102;VIA GALILEO GALILEI;;9;2012;9.19701044940357;45.4808761695999;"(45.4808761695999, 9.19701044940357)"
116;attiva;108;Tunisia - Cozzi;Monofacciale;27;Marciapiede;2121;VIALE TUNISIA;;2;2011;9.20157605827649;45.4789654244396;"(45.4789654244396, 9.20157605827649)"
117;attiva;109;Tunisia Lecco Bellintani;Monofacciale;30;Marciapiede;2124;LARGO FRA PAOLO BELLINTANI;;3;2013;9.20475566650321;45.4774609285283;"(45.4774609285283, 9.20475566650321)"
118;attiva;110;S. F. Romana;Monofacciale;36;Marciapiede;2183;PIAZZA SANTA FRANCESCA ROMANA;;3;2012;9.20849477586322;45.4763382031018;"(45.4763382031018, 9.20849477586322)"
119;attiva;111;B. Marcello - Boscovich;Monofacciale;36;Marciapiede;2128;VIA BENEDETTO MARCELLO - INTERSEZIONE VIA RUGGERO BOSCOVICH;;3;2013;9.20755217712876;45.4802216083356;"(45.4802216083356, 9.20755217712876)"
120;attiva;112;Napo Torriani De Lellis;Monofacciale;27;Carreggiata;2126;VIA NAPO TORRIANI;;2;2011;9.20322654009168;45.4825354495974;"(45.4825354495974, 9.20322654009168)"
121;attiva;113;Buenos Aires - Lima;Bifacciale;24;Marciapiede;2135;PIAZZA LIMA;;3;2012;9.21136641614656;45.4803697506466;"(45.4803697506466, 9.21136641614656)"
122;attiva;114;Buenos Aires - Argentina;Bifacciale;36;Marciapiede;2233;PIAZZA ARGENTINA;;3;2012;9.21476503432631;45.4838137754636;"(45.4838137754636, 9.21476503432631)"
123;attiva;115;Caiazzo;Bifacciale;36;Marciapiede;2259;PIAZZA CAIAZZO;;2;2013;9.20914188800018;45.4852544746093;"(45.4852544746093, 9.20914188800018)"
124;attiva;116;Morgagni - Redi;Monofacciale;24;Carreggiata;2149;VIA FRANCESCO REDI - INTERSEZIONE VIA GIOVANNI BATTISTA MORGAGNI;;3;2012;9.21187964593786;45.4778507437177;"(45.4778507437177, 9.21187964593786)"
125;attiva;117;Bacone - Monteverdi;Monofacciale;36;Marciapiede;2237;VIA CLAUDIO MONTEVERDI - INTERSEZIONE PIAZZALE BACONE;;3;2013;9.21493505113986;45.4814733853147;"(45.4814733853147, 9.21493505113986)"
126;attiva;118;VIII novembre - Ramazzini;Monofacciale;36;Carreggiata;2161;VIA BERNARDINO RAMAZZINI - INTERSEZIONE PIAZZA OTTO NOVEMBRE;;3;2012;9.2111578075574;45.4750978970237;"(45.4750978970237, 9.2111578075574)"
127;attiva;119;Settembrini - Vitruvio;Monofacciale;33;Carreggiata;2127;VIA LUIGI SETTEMBRINI;;3;2012;9.20691190409957;45.4825541033969;"(45.4825541033969, 9.20691190409957)"
128;attiva;120;F. Filzi;Monofacciale;30;Marciapiede;1190;VIA FABIO FILZI;20;2;2011;9.20042321771544;45.4844537922642;"(45.4844537922642, 9.20042321771544)"
129;attiva;121;Melchiorre Gioia - Galvani;Monofacciale;27;Marciapiede;1108;VIA MELCHIORRE GIOIA - INTERSEZIONE VIA LUIGI GALVANI;;9;2013;9.19795936478002;45.4866935891202;"(45.4866935891202, 9.19795936478002)"
130;attiva;122;Bassini - Grossich;Monofacciale;36;Marciapiede;2587;VIA EDOARDO BASSINI - INTERSEZIONE VIA ANTONIO GROSSICH;;3;2014;9.23488626783269;45.4809411379142;"(45.4809411379142, 9.23488626783269)"
131;attiva;123;Castel Morrone - M.A. di Savoia;Monofacciale;36;Marciapiede;3185;VIA CASTEL MORRONE;35;3;2012;9.21457606056584;45.4725794999586;"(45.4725794999586, 9.21457606056584)"
132;attiva;124;Porta Venezia 2;Monofacciale;36;Marciapiede;2108;PIAZZA GUGLIELMO OBERDAN;;3;2012;9.20511734445582;45.4750741000792;"(45.4750741000792, 9.20511734445582)"
133;attiva;125;Fratelli Bandiera;Monofacciale;36;Marciapiede;3182;PIAZZA FRATELLI BANDIERA;2;3;2012;9.21053912931187;45.4705455146501;"(45.4705455146501, 9.21053912931187)"
134;attiva;126;Modena - Castel Morrone;Monofacciale;36;Carreggiata;3122;VIA GUSTAVO MODENA;15;3;2012;9.21424528011968;45.4708567009739;"(45.4708567009739, 9.21424528011968)"
135;attiva;127;Risorgimento;Monofacciale;36;Marciapiede;3117;PIAZZA RISORGIMENTO;;3;2012;9.21077866964666;45.4681594231786;"(45.4681594231786, 9.21077866964666)"
136;attiva;128;Indipendenza - Castel Morrone;Monofacciale;36;Carreggiata;3118;CORSO INDIPENDENZA - INTERSEZIONE VIA CASTEL MORRONE;;3;2012;9.21434294218202;45.4682797929375;"(45.4682797929375, 9.21434294218202)"
137;attiva;129;Fiamma;Monofacciale;36;Carreggiata;3079;VIA GALVANO FIAMMA;18;4;2012;9.21137942996907;45.4646036635717;"(45.4646036635717, 9.21137942996907)"
138;attiva;130;XXII Marzo;Monofacciale;36;Marciapiede;3074;CORSO VENTIDUE MARZO;;4;2011;9.21247392803791;45.4621587143325;"(45.4621587143325, 9.21247392803791)"
139;attiva;131;Emilia - Piceno;Monofacciale;36;Carreggiata;3113;PIAZZA EMILIA - INTERSEZIONE CORSO VENTIDUE MARZO;1;4;2012;9.21606853083627;45.4625087286743;"(45.4625087286743, 9.21606853083627)"
140;attiva;132;Bronzetti - Archimede;Monofacciale;36;Marciapiede;3089;VIA FRATELLI BRONZETTI - INTERSEZIONE VIA ARCHIMEDE;20;4;2012;9.21458261323101;45.4653250655904;"(45.4653250655904, 9.21458261323101)"
141;attiva;133;Dateo;Bifacciale;36;Marciapiede;3119;PIAZZALE DATEO;;3;2012;9.21665548983285;45.4684480627792;"(45.4684480627792, 9.21665548983285)"
142;attiva;134;Teodosio - Porpora;Monofacciale;30;Marciapiede;2550;VIA TEODOSIO - INTERSEZIONE VIA NICOLA ANTONIO PORPORA;;3;2016;9.23002197139509;45.48636517943;"(45.48636517943, 9.23002197139509)"
143;attiva;135;Muratori - Umbria;Monofacciale;30;Marciapiede;4076;VIA LODOVICO MURATORI - INTERSEZIONE VIALE UMBRIA;;4;2013;9.21233242700331;45.450855165183;"(45.450855165183, 9.21233242700331)"
144;attiva;136;Monte Nero - Spartaco;Monofacciale;27;Marciapiede;3062;VIALE MONTE NERO;;4;2011;9.20767433813959;45.4601419343147;"(45.4601419343147, 9.20767433813959)"
145;attiva;137;Sempione - RAI;Monofacciale;36;Carreggiata;7137;CORSO SEMPIONE;;8;2012;9.16672518845881;45.4794771062861;"(45.4794771062861, 9.16672518845881)"
146;attiva;138;Cadore - Pinaroli;Bifacciale;36;Marciapiede;3077;VIA CADORE;;4;2013;9.21313248692474;45.458304688831;"(45.458304688831, 9.21313248692474)"
147;attiva;139;Lazio - Vasari - Morosini;Monofacciale;30;Marciapiede;4070;VIA GIORGIO VASARI - INTERSEZIONE VIALE LAZIO;;4;2012;9.20804685949036;45.4552395450269;"(45.4552395450269, 9.20804685949036)"
148;attiva;140;Cirene - Friuli;Monofacciale;24;Marciapiede;3199;VIA FRIULI - INTERSEZIONE VIALE CIRENE;;4;2013;9.21248127208608;45.4534413801917;"(45.4534413801917, 9.21248127208608)"
149;attiva;141;Caldara - Curtatone;Bifacciale;24;Marciapiede;4036;VIALE EMILIO CALDARA;;1;2011;9.20293228663045;45.4551483243492;"(45.4551483243492, 9.20293228663045)"
150;attiva;142;Tiraboschi - Muratori;Monofacciale;27;Marciapiede;4072;VIA GEROLAMO TIRABOSCHI;4;4;2014;9.20868998917874;45.4522243970558;"(45.4522243970558, 9.20868998917874)"
151;attiva;143;Lodi - Papi;Monofacciale;21;Marciapiede;4071;VIA LAZZARO PAPI;;4;2011;9.2067552937474;45.4499619625485;"(45.4499619625485, 9.2067552937474)"
152;attiva;144;Brescia;Monofacciale;36;Marciapiede;6554;PIAZZALE BRESCIA - INTERSEZIONE VIA ALESSANDRO MAGNASCO;;7;2014;9.14542510702827;45.4716011230291;"(45.4716011230291, 9.14542510702827)"
153;attiva;145;Lombardia - Vallazze;Monofacciale;30;Marciapiede;2400;VIALE LOMBARDIA - INTERSEZIONE VIA VALLAZZE;;3;2014;9.22371702740039;45.4841214349627;"(45.4841214349627, 9.22371702740039)"
154;attiva;146;Crema - Giulio Romano;Bifacciale;30;Marciapiede;4061;VIA CREMA - INTERSEZIONE VIA TREBBIA;;5;2013;9.20273477554043;45.4480630300186;"(45.4480630300186, 9.20273477554043)"
155;attiva;147;Ripamonti - Bellezza;Bifacciale;30;Marciapiede;4066;VIA GIUSEPPE RIPAMONTI - INTERSEZIONE VIA GIOVANNI BELLEZZA;;5;2012;9.19722444601765;45.4488049862075;"(45.4488049862075, 9.19722444601765)"
156;attiva;148;Bocconi 3 - I. Aragona;Monofacciale;33;Marciapiede;4050;VIA FERDINANDO BOCCONI;;5;2011;9.19054142035398;45.4511752342475;"(45.4511752342475, 9.19054142035398)"
157;attiva;149;Bonomelli;Monofacciale;36;Marciapiede;4150;PIAZZA GEREMIA BONOMELLI;;5;2015;9.21349817064826;45.440655295639;"(45.440655295639, 9.21349817064826)"
158;attiva;150;Sraffa;Monofacciale;36;Marciapiede;4201;VIA GIAN CARLO CASTELBARCO - INTERSEZIONE VIA ODOARDO TABACCHI;;5;2013;9.1860698445994;45.4483381215039;"(45.4483381215039, 9.1860698445994)"
159;attiva;151;Balilla - Tibaldi;Monofacciale;36;Carreggiata;5207;VIA BALILLA - VIALE TIBALDI;;5;2011;9.18264266080064;45.4446307039692;"(45.4446307039692, 9.18264266080064)"
160;attiva;152;San Gottardo - Gentilino;Monofacciale;36;Carreggiata;5204;VIA GENTILINO;;5;2013;9.18009394073702;45.448916713384;"(45.448916713384, 9.18009394073702)"
161;attiva;153;Segantini - Darwin;Monofacciale;36;Marciapiede;5155;VIA GIOVANNI SEGANTINI - INTERSEZIONE VIA CARLO DARWIN;24;6;2013;9.17274466777598;45.4457543778796;"(45.4457543778796, 9.17274466777598)"
162;attiva;154;Ascanio Sforza - Pavia;Monofacciale;36;Marciapiede;5262;VIA PAVIA;;5;2012;9.17749261681539;45.4473650127196;"(45.4473650127196, 9.17749261681539)"
163;attiva;155;Naviglio Pavese - Torricelli;Bifacciale;36;Marciapiede;5201;VIA ASCANIO SFORZA - INTERSEZIONE VIA EVANGELISTA TORRICELLI;;5;2013;9.17636991814875;45.4442080282861;"(45.4442080282861, 9.17636991814875)"
164;attiva;156;Arcole - Argelati;Bifacciale;36;Marciapiede;5153;PIAZZA ARCOLE - INTERSEZIONE VIA GIOVANNI SEGANTINI;;6;2013;9.17270701293268;45.4496360879761;"(45.4496360879761, 9.17270701293268)"
165;attiva;157;Roncaglia - Washington;Monofacciale;36;Marciapiede;6122;VIA RONCAGLIA - INTERSEZIONE VIA GIORGIO WASHINGTON;;6;2014;9.15434831673959;45.4588018699861;"(45.4588018699861, 9.15434831673959)"
166;attiva;158;Naviglio Grande - Valenza;Monofacciale;36;Marciapiede;5150;RIPA DI PORTA TICINESE - FRONTE PARCO ROBERT BADEN-POWELL;;6;2013;9.16745057414255;45.4498071842492;"(45.4498071842492, 9.16745057414255)"
167;attiva;159;Gorini - Strambio;Monofacciale;36;Marciapiede;3168;VIA GAETANO STRAMBIO;2-4;3;2014;9.23101716173386;45.4733888948932;"(45.4733888948932, 9.23101716173386)"
168;attiva;160;Zara M3;Monofacciale;36;Carreggiata;1170;VIALE ZARA - INTERSEZIONE VIA FRANCESCO ARESE;13;9;2012;9.191852663488;45.4914930333944;"(45.4914930333944, 9.191852663488)"
169;attiva;161;Coni Zugna - Solari;Monofacciale;36;Marciapiede;5111;VIA ANDREA SOLARI;;6;2012;9.16799793536569;45.4570652694718;"(45.4570652694718, 9.16799793536569)"
170;attiva;162;Piola;Monofacciale;36;Marciapiede;2571;VIA GIOVANNI PACINI - INTERSEZIONE PIAZZA GABRIO PIOLA;;3;2014;9.22465005652746;45.4806598943675;"(45.4806598943675, 9.22465005652746)"
171;attiva;163;Rosario;Monofacciale;36;Marciapiede;5088;PIAZZA DEL ROSARIO;;6;2012;9.16263180961155;45.4548827636808;"(45.4548827636808, 9.16263180961155)"
172;attiva;164;Bergognone - Tortona;Monofacciale;36;Carreggiata;5004;LARGO DELLE CULTURE;;6;2013;9.16506711939657;45.4523097691517;"(45.4523097691517, 9.16506711939657)"
173;attiva;165;Savona - Tolstoj;Monofacciale;36;Marciapiede;5122;VIA SAVONA - INTERSEZIONE VIA LEONE TOLSTOI;;6;2014;9.15121223991227;45.4500096681561;"(45.4500096681561, 9.15121223991227)"
175;attiva;166;Dezza - Caravaggio;Monofacciale;36;Marciapiede;6103;VIA DEL CARAVAGGIO - INTERSEZIONE VIA GIUSEPPE DEZZA;;7;2012;9.16273600788537;45.4595284909451;"(45.4595284909451, 9.16273600788537)"
176;attiva;167;Foppa - Caravaggio;Monofacciale;36;Marciapiede;6109;VIA VINCENZO FOPPA;17;6;2012;9.16194482773394;45.4580646410607;"(45.4580646410607, 9.16194482773394)"
177;attiva;169;Vesuvio - Lipari;Monofacciale;36;Marciapiede;6110;PIAZZA VESUVIO - INTERSEZIONE VIA STROMBOLI;;7;2013;9.15954743786606;45.4594018921613;"(45.4594018921613, 9.15954743786606)"
178;attiva;170;S. M. del Carso;Monofacciale;33;Carreggiata;6200;VIA ANDREA VERGA;;7;2011;9.16350067072642;45.463448368083;"(45.463448368083, 9.16350067072642)"
179;attiva;171;Elba - Cimarosa;Monofacciale;33;Marciapiede;6243;VIA ELBA;26;7;2012;9.15739463134992;45.4632559975827;"(45.4632559975827, 9.15739463134992)"
180;attiva;172;Napoli - Washington;Monofacciale;30;Marciapiede;6094;VIA COLA DI RIENZO - INTERSEZIONE VIA WASHINGTON;;6;2014;9.15478927067961;45.4545997214692;"(45.4545997214692, 9.15478927067961)"
181;attiva;173;Vercelli - Cherubini;Monofacciale;36;Marciapiede;6192;VIA FRANCESCO CHERUBINI;4;7;2012;9.15943542858166;45.4670100680947;"(45.4670100680947, 9.15943542858166)"
357;attiva;362;Bottini 2 - Lambrate M2;Monofacciale;24;Marciapiede;2572;PIAZZA ENRICO BOTTINI;3;3;2019;9.23570333379698;45.4850033635116;"(45.4850033635116, 9.23570333379698)"
182;attiva;174;Vercelli - Piemonte;Bifacciale;36;Marciapiede;6253;VIA MICHELANGELO BUONARROTI - INTERSEZIONE PIAZZA PIEMONTE;;7;2013;9.15541624415497;45.4670843049225;"(45.4670843049225, 9.15541624415497)"
183;attiva;175;Pagano - Guido d'Arezzo;Bifacciale;36;Marciapiede;6088;VIA MARIO PAGANO - INTERSEZIONE VIA DEL BURCHIELLO;;7;2011;9.16047042541816;45.4681849982046;"(45.4681849982046, 9.16047042541816)"
184;attiva;176;Buonarroti;Bifacciale;36;Marciapiede;6253;VIA MICHELANGELO BUONARROTI - INTERSEZIONE PIAZZA MICHELANGELO BUONARROTI;;8;2013;9.15541758083375;45.4708309700927;"(45.4708309700927, 9.15541758083375)"
186;attiva;178;V Alpini;Monofacciale;30;Marciapiede;6346;LARGO QUINTO ALPINI;;1;2012;9.16780757385588;45.4722453886654;"(45.4722453886654, 9.16780757385588)"
187;attiva;179;Giovanni XXIII;Bifacciale;36;Marciapiede;6155;VIA VINCENZO MONTI - INTERSEZIONE PIAZZA GIOVANNI XXIII;;8;2012;9.16418762406703;45.4749300351573;"(45.4749300351573, 9.16418762406703)"
188;attiva;180;Canova - Sangiorgio;Monofacciale;30;Marciapiede;7238;VIA ANTONIO CANOVA;19;1;2012;9.16835765954373;45.4753176296696;"(45.4753176296696, 9.16835765954373)"
189;attiva;181;Sempione - Melzi d'Eril;Monofacciale;27;Marciapiede;7137;CORSO SEMPIONE;;1;2012;9.16972869690722;45.4778116072947;"(45.4778116072947, 9.16972869690722)"
190;attiva;182;Melzi d'Eril - Cagnola;Monofacciale;36;Marciapiede;7118;VIA FRANCESCO MELZI D'ERIL;;1;2012;9.17291925995368;45.47830842546;"(45.47830842546, 9.17291925995368)"
191;attiva;183;Domodossola FNM - Filelfo;Bifacciale;36;Marciapiede;7154;VIA FRANCESCO FILELFO - INTERSEZIONE VIA TREBAZIO;;8;2015;9.16284888171111;45.4803855953533;"(45.4803855953533, 9.16284888171111)"
192;attiva;184;Porta Volta;Monofacciale;33;Marciapiede;1066;BASTIONI DI PORTA VOLTA;;1;2011;9.1822642436663;45.480072803162;"(45.480072803162, 9.1822642436663)"
193;attiva;185;Santissima Trinita';Monofacciale;35;Marciapiede;7121;VIA LUIGI CANONICA - INTERSEZIONE VIA CESARE CESARIANO;;1;2012;9.17632909805482;45.4780879844901;"(45.4780879844901, 9.17632909805482)"
194;attiva;186;Procaccini - Gramsci;Bifacciale;36;Marciapiede;7205;PIAZZA ANTONIO GRAMSCI - LATO VIA GIULIO CESARE PROCACCINI;14;8;2014;9.16834498031823;45.4819773908009;"(45.4819773908009, 9.16834498031823)"
195;attiva;187;Sarpi - Albertini;Bifacciale;24;Marciapiede;7377;VIA ALFREDO ALBERTINI;;8;2011;9.17226513244496;45.4810037529167;"(45.4810037529167, 9.17226513244496)"
196;attiva;188;Sarpi - Niccolini;Monofacciale;24;Marciapiede;7210;VIA PAOLO SARPI;;8;2011;9.17814981799759;45.4816361775031;"(45.4816361775031, 9.17814981799759)"
197;attiva;189;Procaccini - Cimitero Monumentale;Monofacciale;36;Marciapiede;7233;PIAZZALE CIMITERO MONUMENTALE - INTERSEZIONE VIA GIOVANNI BATTISTA NICCOLINI;;8;2012;9.17720000460789;45.4838929362853;"(45.4838929362853, 9.17720000460789)"
198;attiva;190;Milizie - Tortona;Monofacciale;30;Marciapiede;5142;PIAZZALE DELLE MILIZIE - INTERSEZIONE VIA TORTONA;;6;2015;9.15611202284365;45.4504282165872;"(45.4504282165872, 9.15611202284365)"
199;attiva;191;Farini - Quadrio;Monofacciale;36;Carreggiata;1115;VIA MAURIZIO QUADRIO - INTERSEZIONE VIA CARLO FARINI;;9;2015;9.18211114460684;45.4839583329828;"(45.4839583329828, 9.18211114460684)"
200;attiva;192;Col di Lana - Col Moschin;Monofacciale;36;Marciapiede;5211;VIA COL MOSCHIN - INTERSEZIONE VIALE COL DI LANA;;5;2011;9.18455421688649;45.4518116056101;"(45.4518116056101, 9.18455421688649)"
201;attiva;193;Garibaldi - Pepe;Bifacciale;30;Marciapiede;1126;VIA GUGLIELMO PEPE;;9;2012;9.18504637822818;45.4867229105293;"(45.4867229105293, 9.18504637822818)"
202;attiva;194;Borsieri - Confalonieri;Monofacciale;36;Carreggiata;1123;VIA GAETANO DE CASTILLIA;;9;2012;9.18838253916556;45.4854243277285;"(45.4854243277285, 9.18838253916556)"
203;attiva;195;Pola RL;Monofacciale;27;Marciapiede;1156;VIA POLA;14;2;2012;9.1932486599137;45.4891006075653;"(45.4891006075653, 9.1932486599137)"
204;attiva;196;Lagosta;Monofacciale;36;Marciapiede;1155;PIAZZALE LAGOSTA;;9;2012;9.19084629891054;45.4890776740067;"(45.4890776740067, 9.19084629891054)"
205;attiva;197;Garibaldi - Sturzo;Monofacciale;30;Marciapiede;1704;VIALE LUIGI STURZO;;9;2016;9.18850636179003;45.4838138827685;"(45.4838138827685, 9.18850636179003)"
207;attiva;199;Galvani - Restelli - RL;Monofacciale;27;Marciapiede;1179;VIA LUIGI GALVANI;;9;2014;9.1966873532718;45.4876817783191;"(45.4876817783191, 9.1966873532718)"
208;attiva;200;P.zza Luigi di Savoia;Bifacciale;36;Marciapiede;2260;PIAZZA LUIGI DI SAVOIA;;2;2011;9.20619783745417;45.484971309925;"(45.484971309925, 9.20619783745417)"
209;attiva;201;IV Novembre;Monofacciale;36;Marciapiede;1202;VIA GIOVANNI BATTISTA SAMMARTINI;;2;2011;9.20373955562541;45.4873436065356;"(45.4873436065356, 9.20373955562541)"
210;attiva;202;Marche - Zara;Monofacciale;30;Marciapiede;1360;VIALE MARCHE - INTERSEZIONE VIALE ZARA;;9;2018;9.1940286726432;45.4957006935743;"(45.4957006935743, 9.1940286726432)"
211;attiva;203;Taramelli RL;Monofacciale;36;Marciapiede;1164;VIA TORQUATO TARAMELLI;;2;2012;9.19376891047457;45.4906578308881;"(45.4906578308881, 9.19376891047457)"
212;attiva;204;Valtellina - Farini;Bifacciale;36;Marciapiede;1188;VIA VALTELLINA - INTERSEZIONE VIA DELLA BOSCAIOLA;2;9;2015;9.18223528151395;45.4890493100126;"(45.4890493100126, 9.18223528151395)"
213;attiva;205;Teodosio - Pacini;Monofacciale;30;Marciapiede;2550;VIA TEODOSIO - INTERSEZIONE VIA GIOVANNI PACINI;;3;2015;9.23005987358211;45.4829403461568;"(45.4829403461568, 9.23005987358211)"
214;attiva;206;Friuli;Monofacciale;36;Marciapiede;3199;VIA FRIULI;50;4;2013;9.21367992110091;45.4548876665073;"(45.4548876665073, 9.21367992110091)"
215;attiva;207;Loreto 1;Monofacciale;36;Marciapiede;2264;PIAZZALE LORETO - INTERSEZIONE VIALE ABRUZZI;;3;2015;9.21741899942953;45.4857389191139;"(45.4857389191139, 9.21741899942953)"
216;attiva;208;Brianza - Venini;Bifacciale;36;Marciapiede;2263;VIALE BRIANZA - INTERSEZIONE VIA GIULIO E CORRADO VENINI;;2;2015;9.21266792724702;45.4877880150212;"(45.4877880150212, 9.21266792724702)"
218;attiva;210;Aspromonte - Pecchio;Monofacciale;36;Marciapiede;2246;PIAZZA ASPROMONTE;;3;2014;9.21939302680308;45.4839716449034;"(45.4839716449034, 9.21939302680308)"
219;attiva;212;Verrocchio - Juvara;Monofacciale;36;Marciapiede;3129;VIA FILIPPO JUVARA - INTERSEZIONE VIA ANDREA VERROCCHIO;;3;2013;9.2197644356318;45.4732568780981;"(45.4732568780981, 9.2197644356318)"
220;attiva;213;Novelli - Carnaghi;Monofacciale;36;Marciapiede;3165;VIA DAVIDE CARNAGHI;2;3;2013;9.22057201064441;45.4708070583956;"(45.4708070583956, 9.22057201064441)"
221;attiva;214;Susa - Sidoli;Bifacciale;30;Marciapiede;3101;PIAZZALE SUSA;;3;2013;9.22398080535659;45.4688693482533;"(45.4688693482533, 9.22398080535659)"
222;attiva;215;Politecnico;Monofacciale;36;Marciapiede;2208;PIAZZA LEONARDO DA VINCI - LATO NORD;;3;2013;9.22615832776122;45.4786595851252;"(45.4786595851252, 9.22615832776122)"
223;attiva;216;Romagna - Pascoli;Monofacciale;36;Carreggiata;3132;VIA GIOVANNI PASCOLI;53;3;2013;9.22435434552511;45.4764868486331;"(45.4764868486331, 9.22435434552511)"
226;attiva;264;Rio De Janeiro - Sarto;Bifacciale;24;Marciapiede;3174;LARGO RIO DE JANEIRO - INTERSEZIONE VIA ANDREA DEL SARTO;;3;2016;9.22362561140238;45.4725909876547;"(45.4725909876547, 9.22362561140238)"
227;attiva;219;Firenze;Monofacciale;30;Marciapiede;7160;VIALE TEODORICO - INTERSEZIONE PIAZZA FIRENZE;;8;2016;9.15585510833187;45.4873787119425;"(45.4873787119425, 9.15585510833187)"
228;attiva;220;Sempione - Castelvetro;Bifacciale;36;Marciapiede;7137;CORSO SEMPIONE - INTERSEZIONE VIA LODOVICO CASTELVETRO (PARTERRE);;8;;9.16251778625841;45.4835450553851;"(45.4835450553851, 9.16251778625841)"
229;attiva;221;Accursio - Portello;Monofacciale;36;Marciapiede;7328;VIA GROSOTTO;;8;2015;9.14589035750311;45.4909091495086;"(45.4909091495086, 9.14589035750311)"
230;attiva;222;Durante - D'Aviano;Bifacciale;30;Marciapiede;2279;VIA MARCO D'AVIANO - INTERSEZIONE PIAZZA FRANCESCO DURANTE;;2;2016;9.22210745177183;45.4887993780606;"(45.4887993780606, 9.22210745177183)"
231;attiva;224;VI Febbraio;Monofacciale;30;Marciapiede;6358;PIAZZA SEI FEBBRAIO;;8;2015;9.16059430769363;45.4767878406961;"(45.4767878406961, 9.16059430769363)"
232;attiva;225;Chiesa - E. Filiberto;Monofacciale;30;Marciapiede;7164;PIAZZALE DAMIANO CHIESA - INTERSEZIONE VIA EMANUELE FILIBERTO;;8;2015;9.15658299604853;45.4848166160854;"(45.4848166160854, 9.15658299604853)"
233;attiva;226;Lotto;Monofacciale;30;Marciapiede;6539;PIAZZALE LORENZO LOTTO;;8;2015;9.14333442267356;45.4798691585983;"(45.4798691585983, 9.14333442267356)"
234;attiva;227;Zavattari - Tempesta;Monofacciale;27;Marciapiede;6537;PIAZZALE FRATELLI ZAVATTARI;4;7;2015;9.14366193006109;45.475874957048;"(45.475874957048, 9.14366193006109)"
236;attiva;229;QT8 - Isernia;Monofacciale;30;Carreggiata;6461;VIA ISERNIA - INTERSEZIONE PIAZZA SANTA MARIA NASCENTE;;8;2015;9.13701294671876;45.4866722018146;"(45.4866722018146, 9.13701294671876)"
239;attiva;232;De Angeli - R. Sanzio;Monofacciale;36;Marciapiede;6276;PIAZZA ERNESTO DE ANGELI - INTERSEZIONE VIA RAFFAELLO SANZIO;;7;2015;9.15056288684888;45.4670635305763;"(45.4670635305763, 9.15056288684888)"
240;attiva;233;Mac Mahon - Artieri;Monofacciale;24;Marciapiede;7221;VIA MAC MAHON - INTERSEZIONE VIA DEGLI ARTIERI;;8;2015;9.15497735732455;45.4958776873719;"(45.4958776873719, 9.15497735732455)"
242;attiva;235;Certosa - Monteceneri;Monofacciale;30;Marciapiede;7174;VIALE CERTOSA - INTERSEZIONE VIALE RENATO SERRA;;8;2018;9.15186566395088;45.489738303318;"(45.489738303318, 9.15186566395088)"
243;attiva;236;Mac Mahon - Caracciolo;Bifacciale;30;Marciapiede;7221;VIA MAC MAHON - INTERSEZIONE VIA FRANCESCO CARACCIOLO;;8;2015;9.16101212678966;45.4912213021515;"(45.4912213021515, 9.16101212678966)"
244;attiva;237;Caneva - Tolentino;Monofacciale;24;Marciapiede;7183;VIA TOLENTINO - INTERSEZIONE PIAZZA CARLO CANEVA;;8;2015;9.16073263090436;45.4881918941065;"(45.4881918941065, 9.16073263090436)"
245;attiva;238;Govone - Borgese;Monofacciale;27;Marciapiede;7376;VIA GIUSEPPE ANTONIO BORGESE;1;8;2015;9.16899962716071;45.488410117745;"(45.488410117745, 9.16899962716071)"
246;attiva;239;Marussig - Castelvetro;Monofacciale;30;Marciapiede;7200;VIA PIETRO MARUSSIG;3;8;2015;9.16608900030964;45.4863790663764;"(45.4863790663764, 9.16608900030964)"
248;attiva;241;Stuparich - Albani;Monofacciale;27;Marciapiede;6468;PIAZZA CARLO STUPARICH - INTERSEZIONE VIA FRANCESCO ALBANI;8;8;2015;9.14422066480548;45.4829208662823;"(45.4829208662823, 9.14422066480548)"
253;attiva;248;Teodorico - Gattamelata;Bifacciale;24;Marciapiede;7156;VIA GATTAMELATA - INTERSEZIONE VIALE TEODORICO;;8;2015;9.15153709428656;45.4844583298537;"(45.4844583298537, 9.15153709428656)"
254;attiva;249;Vigliani - Scarampo;Monofacciale;30;Marciapiede;6422;VIA PAOLO ONORATO VIGLIANI - INTERSEZIONE VIALE LODOVICO SCARAMPO;;8;2015;9.1482355625556;45.4824678538086;"(45.4824678538086, 9.1482355625556)"
255;attiva;250;Castelli - Ailanti;Monofacciale;27;Carreggiata;7284;VIA DEGLI AILANTI;3;8;2015;9.1521012402972;45.49945157838;"(45.49945157838, 9.1521012402972)"
256;attiva;251;Villapizzone FFSS - Lambruschini;Bifacciale;30;Marciapiede;7271;VIA RAFFAELE LAMBRUSCHINI;;9;2015;9.15263149819866;45.5023805336848;"(45.5023805336848, 9.15263149819866)"
257;attiva;252;Bovisa - Lambruschini;Monofacciale;30;Marciapiede;7289;VIA PAOLO MARIANI;;9;2015;9.15856547964152;45.5021069535902;"(45.5021069535902, 9.15856547964152)"
258;attiva;253;Bovisa Passante 1 - Alfieri;Monofacciale;30;Carreggiata;1726;PIAZZA EMILIO ALFIERI;;9;2015;9.1607878733032;45.5027404006481;"(45.5027404006481, 9.1607878733032)"
259;attiva;254;Bausan - Brofferio;Monofacciale;27;Carreggiata;1465;VIA ANGELO BROFFERIO - PIAZZA GIOVANNI BAUSAN;;9;2015;9.16480770990736;45.502653972369;"(45.502653972369, 9.16480770990736)"
260;attiva;255;Nigra - Castellini;Monofacciale;27;Carreggiata;1236;PIAZZALE COSTANTINO NIGRA;;9;2015;9.17059082106227;45.4962626538993;"(45.4962626538993, 9.17059082106227)"
261;attiva;256;Lancetti Passante - Maloja;Monofacciale;30;Marciapiede;1220;VIA MALOIA - INTERSEZIONE VIALE VINCENZO LANCETTI;;9;2015;9.17645904478889;45.4948428917675;"(45.4948428917675, 9.17645904478889)"
262;attiva;257;Valtellina - Aprica;Monofacciale;24;Marciapiede;1188;VIA VALTELLINA - INTERSEZIONE VIA DELL'APRICA;36;9;2015;9.18243975737638;45.4930102317641;"(45.4930102317641, 9.18243975737638)"
263;attiva;258;Maciachini - Marche;Monofacciale;30;Marciapiede;1361;PIAZZALE CARLO MACIACHINI - INTERSEZIONE VIA VALASSINA;;9;2015;9.18690504560676;45.4980657511025;"(45.4980657511025, 9.18690504560676)"
264;attiva;259;Amendola M1;Monofacciale;36;Marciapiede;6363;PIAZZA GIOVANNI AMENDOLA;;8;2015;9.15171093656572;45.4736368541181;"(45.4736368541181, 9.15171093656572)"
265;attiva;260;Baldinucci - Maffucci;Monofacciale;24;Marciapiede;1267;VIA FILIPPO BALDINUCCI - INTERSEZIONE VIA ANGIOLO MAFFUCCI;;9;2015;9.1692084508318;45.5035016929292;"(45.5035016929292, 9.1692084508318)"
266;attiva;261;Imbonati - Dergano M3;Bifacciale;36;Marciapiede;1311;VIA CARLO IMBONATI;;9;2015;9.17986293949093;45.5053901095852;"(45.5053901095852, 9.17986293949093)"
267;attiva;262;Livigno - Monte San Genesio;Bifacciale;30;Marciapiede;1296;VIA LIVIGNO - INTERSEZIONE VIA MONT SAN GENESIO;;9;2015;9.17844971962093;45.5001570231535;"(45.5001570231535, 9.17844971962093)"
268;attiva;263;Castello;Bifacciale;30;Carreggiata;704;PIAZZA CASTELLO;;1;2015;9.1794501325661;45.4686759328261;"(45.4686759328261, 9.1794501325661)"
270;attiva;266;Sauli - Battaglia;Bifacciale;30;Marciapiede;2262;VIA SOPERGA;;2;2018;9.21330079418989;45.4910780453447;"(45.4910780453447, 9.21330079418989)"
272;attiva;265;Arduino;Monofacciale;30;Marciapiede;6365;PIAZZALE ARDUINO;;8;2017;9.15126618595803;45.4771175319412;"(45.4771175319412, 9.15126618595803)"
276;attiva;270;Stelvio - Farini;Monofacciale;30;Marciapiede;1227;VIALE STELVIO - INTERSEZIONE VIA CARLO FARINI;;9;2015;9.18496259975246;45.4947927640472;"(45.4947927640472, 9.18496259975246)"
286;attiva;280;Murat - Villani - Milano Sport;Monofacciale;30;Marciapiede;1316;VIA GIOACCHINO MURAT;;9;2015;9.19064159820705;45.4996127243296;"(45.4996127243296, 9.19064159820705)"
287;attiva;281;Stefini - Ressi;Monofacciale;30;Carreggiata;1397;VIA ADEODATO RESSI - INTERSEZIONE VIA EVARISTO STEFINI;;2;2016;9.20300044849263;45.4968222956997;"(45.4968222956997, 9.20300044849263)"
288;attiva;282;Dergano;Monofacciale;24;Carreggiata;1500;PIAZZA DERGANO;;9;2015;9.17692318334395;45.5031651749585;"(45.5031651749585, 9.17692318334395)"
289;attiva;283;Reni - Guardi;Monofacciale;30;Carreggiata;3205;VIA GUIDO RENI - INTERSEZIONE PIAZZA FRANCESCO GUARDI;;3;2015;9.225892294951;45.4706418513825;"(45.4706418513825, 9.225892294951)"
299;attiva;296;Gioia - Cassina de Pomm;Monofacciale;30;Carreggiata;1108;VIA MELCHIORRE GIOIA - INTERSEZIONE VIA TIRANO;;2;2015;9.20814041576956;45.4966680175041;"(45.4966680175041, 9.20814041576956)"
304;attiva;301;Toscana - Leoni;Monofacciale;30;Marciapiede;4210;VIALE TOSCANA - INTERSEZIONE VIA POMPEO LEONI;;5;2015;9.19368549165094;45.4461520665898;"(45.4461520665898, 9.19368549165094)"
305;attiva;302;De Angeli - Ripamonti;Monofacciale;30;Marciapiede;4326;VIA CARLO DE ANGELI - INTERSEZIONE VIA GIUSEPPE RIPAMONTI;;5;2015;9.19837641258527;45.4433211879795;"(45.4433211879795, 9.19837641258527)"
306;attiva;303;Benaco - Brembo;Monofacciale;30;Marciapiede;4143;VIA BENACO - INTERSEZIONE VIA BREMBO;;4;2016;9.21201218274659;45.444367665102;"(45.444367665102, 9.21201218274659)"
307;attiva;304;Adamello - Lorenzini;Monofacciale;30;Carreggiata;4135;VIA ADAMELLO;6;5;2015;9.20310454374649;45.4434134589582;"(45.4434134589582, 9.20310454374649)"
308;attiva;305;Spadolini - Centro Leoni;Monofacciale;30;Marciapiede;4325;VIA GIOVANNI SPADOLINI;;5;2015;9.18966073021133;45.4430989151445;"(45.4430989151445, 9.18966073021133)"
310;attiva;307;Piazzi - Bernina;Monofacciale;24;Carreggiata;1222;VIA GIUSEPPE PIAZZI - INTERSEZIONE VIA BERNINA;;9;2015;9.18107523359059;45.4944960524812;"(45.4944960524812, 9.18107523359059)"
312;attiva;309;Carlo Magno - Alcuino;Bifacciale;30;Marciapiede;7165;VIA ALCUINO - INTERSEZIONE PIAZZALE CARLO MAGNO;;8;2015;9.15581845312144;45.4815012168721;"(45.4815012168721, 9.15581845312144)"
313;attiva;310;Istria M5 - F. Testi;Monofacciale;30;Marciapiede;1347;PIAZZALE ISTRIA;;2;2015;9.19835694212877;45.5017212513679;"(45.5017212513679, 9.19835694212877)"
314;attiva;311;De Marchi - Lucini;Monofacciale;30;Marciapiede;1418;VIA EMILIO DE MARCHI;19;2;2016;9.20889803714847;45.5002691582337;"(45.5002691582337, 9.20889803714847)"
315;attiva;312;De Marchi - Bottelli;Monofacciale;30;Marciapiede;1418;VIA EMILIO DE MARCHI;59;2;2016;9.2113461527944;45.5033634052578;"(45.5033634052578, 9.2113461527944)"
316;attiva;313;Ca Granda - F.Testi;Monofacciale;30;Carreggiata;1443;VIALE CA' GRANDA - INTERSEZIONE VIALE FULVIO TESTI (LATO PARI);;9;2015;9.20001802465612;45.5067075715011;"(45.5067075715011, 9.20001802465612)"
318;attiva;315;Ospedale Maggiore;Bifacciale;30;Marciapiede;1523;PIAZZA DELL'OSPEDALE MAGGIORE;;9;2015;9.18966980375202;45.5084423613891;"(45.5084423613891, 9.18966980375202)"
320;attiva;317;Alserio - Cola Montano;Monofacciale;30;Marciapiede;1153;VIA ALSERIO;10;9;2016;9.18567547487253;45.4910385518125;"(45.4910385518125, 9.18567547487253)"
321;attiva;319;Gioia - Cagliero;Monofacciale;30;Carreggiata;1108;VIA MELCHIORRE GIOIA;124-126;2;2016;9.20594634036843;45.4935805958571;"(45.4935805958571, 9.20594634036843)"
323;attiva;321;Piazzale Nizza;Monofacciale;27;Marciapiede;1521;PIAZZALE NIZZA;;9;2015;9.1887727351742;45.5034053285226;"(45.5034053285226, 9.1887727351742)"
324;attiva;322;Bicocca M5 - Pulci;Monofacciale;30;Carreggiata;1622;VIA LUIGI PULCI;2;9;2015;9.20597147325402;45.5141619040369;"(45.5141619040369, 9.20597147325402)"
325;attiva;323;Temolo - Innovazione;Monofacciale;30;Marciapiede;1732;VIA LIBERO TEMOLO - INTERSEZIONE VIALE DELL'INNOVAZIONE;1;9;2015;9.2107416936772;45.5113698598824;"(45.5113698598824, 9.2107416936772)"
326;attiva;324;Staz. Greco Pirelli - Cozzi;Monofacciale;30;Marciapiede;1629;PIAZZALE EGEO;;9;2016;9.2134790292628;45.5127084962237;"(45.5127084962237, 9.2134790292628)"
327;attiva;325;Romolo M2;Bifacciale;36;Marciapiede;5463;LARGO ALBERTO ASCARI;;6;2015;9.16760490710567;45.4435437096955;"(45.4435437096955, 9.16760490710567)"
328;attiva;326;Arcimboldi - Innovazione;Monofacciale;30;Marciapiede;1731;VIALE DELL'INNOVAZIONE - INTERSEZIONE VIA ETTORE FIERAMOSCA;;9;2018;9.21390298924409;45.5158318522129;"(45.5158318522129, 9.21390298924409)"
329;attiva;327;Pirelli - UNI Bicocca;Monofacciale;24;Marciapiede;1727;VIALE PIERO ALBERTO PIRELLI;22;9;2016;9.21287588033875;45.5186002417632;"(45.5186002417632, 9.21287588033875)"
330;attiva;328;Bussero - F. Testi;Monofacciale;30;Carreggiata;1618;VIA GOFFREDO DA BUSSERO - INTERSEZIONE VIALE FULVIO TESTI;;9;2015;9.20694646102131;45.5187558418253;"(45.5187558418253, 9.20694646102131)"
331;attiva;329;Chiese - F. Testi;Monofacciale;30;Marciapiede;1627;VIA CHIESE - INTERSEZIONE VIALE FULVIO TESTI;;9;2015;9.21034041235495;45.522345987437;"(45.522345987437, 9.21034041235495)"
332;attiva;330;Suzzani - Arezzo;Monofacciale;30;Marciapiede;1446;VIALE GIOVANNI SUZZANI;280-282;9;2015;9.20938459235706;45.5268709659867;"(45.5268709659867, 9.20938459235706)"
336;attiva;334;Molino Dorino M1;Monofacciale;30;Marciapiede;;PARCHEGGIO NVPR STAZIONE M.M. MOLINO DORINO - LATO VIA FRANCESCO CILEA;;8;2015;9.09423595630276;45.5051119189629;"(45.5051119189629, 9.09423595630276)"
338;attiva;267;Sardegna - Sicilia;Monofacciale;30;Marciapiede;6265;VIA SARDEGNA - INTERSEZIONE PIAZZA SICILIA;27;7;2018;9.15282093502145;45.4638267820856;"(45.4638267820856, 9.15282093502145)"
339;attiva;268;Lunigiana-Sammartini;Bifacciale;30;Marciapiede;1214;VIALE LUNIGIANA - INTERSEZIONE VIA SAMMARTINI;;2;2019;9.20722507042731;45.4908047735031;"(45.4908047735031, 9.20722507042731)"
340;attiva;198;Garibaldi 2 - Sturzo;Bifacciale;24;Marciapiede;1704;VIALE LUIGI STURZO;;9;2018;9.18831205685514;45.4836051076445;"(45.4836051076445, 9.18831205685514)"
342;attiva;340;Corvetto - Polesine;Bifacciale;30;Marciapiede;4174;PIAZZALE LUIGI EMANUELE CORVETTO;;4;2019;9.22398094395065;45.4396810059138;"(45.4396810059138, 9.22398094395065)"
343;attiva;341;Cuoco - Monte Cimone;Monofacciale;30;Marciapiede;3333;VIA MONTE CIMONE - INTERSEZIONE PIAZZALE VINCENZO CUOCO;;4;2019;9.22500021807687;45.4504715729338;"(45.4504715729338, 9.22500021807687)"
344;attiva;342;Bologna;Monofacciale;30;Marciapiede;4172;PIAZZALE BOLOGNA - INTERSEZIONE VIALE PUGLIE;;4;2019;9.2236307548848;45.444602437137;"(45.444602437137, 9.2236307548848)"
345;attiva;343;Ortles - Ripamonti;Monofacciale;30;Marciapiede;4133;VIALE ORTLES;2;5;2019;9.20051420614378;45.4388559096083;"(45.4388559096083, 9.20051420614378)"
346;attiva;350;Beccaria 2 - Bersaglieri;Monofacciale;33;Marciapiede;657;LARGO DEI BERSAGLIERI - INTERSEZIONE PIAZZA CESARE BECCARIA;;1;2019;9.19500692554193;45.463308915393;"(45.463308915393, 9.19500692554193)"
347;attiva;351;Duomo 2 - Foscolo;Monofacciale;33;Carreggiata;1;PIAZZA DEL DUOMO;;1;2019;9.19097884462534;45.4647459717793;"(45.4647459717793, 9.19097884462534)"
348;attiva;352;Cordusio;Monofacciale;30;Carreggiata;626;PIAZZA CORDUSIO;;1;2019;9.1862142396365;45.4654754363256;"(45.4654754363256, 9.1862142396365)"
350;attiva;354;Foro Buonaparte;Monofacciale;30;Marciapiede;711;FORO BONAPARTE;33;1;2019;9.17844863061627;45.467671821672;"(45.467671821672, 9.17844863061627)"
352;attiva;356;Giambellino - Odazio;Monofacciale;30;Marciapiede;5395;LARGO GIAMBELLINO;;6;2020;9.13521262055919;45.4471657604058;"(45.4471657604058, 9.13521262055919)"
353;attiva;357;Ciceri Visconti - Martini;Monofacciale;36;Carreggiata;3220;VIA LAURA CICERI VISCONTI;2;4;2019;9.22022443197229;45.4553766318079;"(45.4553766318079, 9.22022443197229)"
354;attiva;358;Insubria - Bruno;Monofacciale;27;Carreggiata;3221;PIAZZA INSUBRIA - INTERSEZIONE VIA EMILIO FAA' DI BRUNO;;4;2019;9.22115718420387;45.4524446534996;"(45.4524446534996, 9.22115718420387)"
355;attiva;359;Tertulliano - Caroncini;Monofacciale;27;Marciapiede;4094;VIA TERTULLIANO;35;4;2019;9.21801478529384;45.4493190225064;"(45.4493190225064, 9.21801478529384)"
356;attiva;274;Passerini - Belloveso;Monofacciale;30;Carreggiata;1589;VIA GIAN BATTISTA PASSERINI - INTERSEZIONE VIA RICCARDO BAUER;5;9;2020;9.1933836429272;45.5153455165824;"(45.5153455165824, 9.1933836429272)"
358;attiva;363;Tripoli;Bifacciale;30;Marciapiede;6130;PIAZZALE TRIPOLI - LATO VIALE MISURATA;;7;2019;9.14977973964431;45.4595936363668;"(45.4595936363668, 9.14977973964431)"
359;attiva;364;Fezzan - Forli';Monofacciale;30;Marciapiede;6677;VIA FEZZAN - INTERSEZIONE VIALE CATERINA DA FORLI';;6;2020;9.14622537863903;45.4596262264995;"(45.4596262264995, 9.14622537863903)"
361;attiva;366;Carlini - D'Alviano;Monofacciale;30;Carreggiata;6819;VIA FRANCESCO CARLINI - INTERSEZIONE VIA BARTOLOMEO D'ALVIANO;;6;2019;9.14222827857695;45.4531085869805;"(45.4531085869805, 9.14222827857695)"
362;attiva;367;Velasquez - Osoppo;Monofacciale;27;Marciapiede;6595;PIAZZALE DIEGO VELASQUEZ - INTERSEZIONE VIA OSOPPO;;7;2020;9.1412104213741;45.4675873559258;"(45.4675873559258, 9.1412104213741)"
363;attiva;368;Tolstoi - Lorenteggio;Monofacciale;30;Marciapiede;5133;VIA LEONE TOLSTOI;53;6;2020;9.14929603527086;45.4538286576513;"(45.4538286576513, 9.14929603527086)"
364;attiva;369;San Giminiano - Tuberose;Monofacciale;30;Marciapiede;6613;VIALE SAN GIMINIANO;19;6;2019;9.1361104427781;45.4588424662141;"(45.4588424662141, 9.1361104427781)"
365;attiva;370;Primaticcio - Corba;Monofacciale;30;Marciapiede;6646;VIA FRANCESCO PRIMATICCIO - INTERSEZIONE VIA CASCINA CORBA;;6;2019;9.13335386219686;45.4530558834713;"(45.4530558834713, 9.13335386219686)"
367;attiva;372;Solderini - Provincia di Milano;Monofacciale;30;Carreggiata;6675;VIA LUIGI SODERINI;;6;2019;9.14221881251797;45.4566187179526;"(45.4566187179526, 9.14221881251797)"
368;attiva;373;Brunelleschi - Giambellino;Monofacciale;24;Marciapiede;5384;VIA FILIPPO BRUNELLESCHI;1;6;2020;9.14443342680692;45.4490399168494;"(45.4490399168494, 9.14443342680692)"
371;attiva;376;Tirana - San Cristoforo;Monofacciale;36;Marciapiede;5378;PIAZZA TIRANA - LATO STAZIONE DI MILANO SAN CRISTOFORO;19;6;2020;9.13029862666392;45.4429848874797;"(45.4429848874797, 9.13029862666392)"
372;attiva;377;Inganni - Lorenteggio;Monofacciale;24;Marciapiede;6672;VIA ANGELO INGANNI - INTERSEZIONE VIA LORENTEGGIO;;6;2020;9.12790690422768;45.4473552543886;"(45.4473552543886, 9.12790690422768)"
373;attiva;378;San Gimignano - Soderini;Monofacciale;27;Marciapiede;6613;VIALE SAN GIMINIANO;9/A;6;2020;9.13578367784498;45.4542579071767;"(45.4542579071767, 9.13578367784498)"
374;attiva;379;Inganni - Corba;Monofacciale;30;Marciapiede;6672;VIA ANGELO INGANNI - INTERSEZIONE VIA CASCINA CORBA;;6;2020;9.12592123941208;45.4510253924976;"(45.4510253924976, 9.12592123941208)"
375;attiva;380;Inganni M1 - Zurigo;Monofacciale;30;Marciapiede;6672;VIA ANGELO INGANNI;;6;2019;9.12279386957161;45.4570701736917;"(45.4570701736917, 9.12279386957161)"
376;attiva;381;Primaticcio - Legioni Romane;Monofacciale;30;Marciapiede;6646;VIA FRANCESCO PRIMATICCIO - INTERSEZIONE VIALE LEGIONI ROMANE;;6;2019;9.12965121817426;45.4591468152687;"(45.4591468152687, 9.12965121817426)"
377;attiva;382;Ciclamini - Palazzetto del Ghiaccio;Monofacciale;30;Carreggiata;6693;VIA DEI CICLAMINI;18;6;2020;9.12795755950173;45.4555845809677;"(45.4555845809677, 9.12795755950173)"
383;attiva;383;Angilberto - Comacchio;Monofacciale;30;Carreggiata;4278;PIAZZA ANGILBERTO II;;4;2018;9.21748611068232;45.4372139822651;"(45.4372139822651, 9.21748611068232)"
384;attiva;384;Gabrio Rosa;Monofacciale;30;Marciapiede;4288;PIAZZALE GABRIELE ROSA;;4;2019;9.22423751853593;45.4372055725075;"(45.4372055725075, 9.22423751853593)"
385;attiva;385;Ortles - Orobia;Monofacciale;30;Carreggiata;4133;VIALE ORTLES;53;5;2019;9.20670563507375;45.4399669470342;"(45.4399669470342, 9.20670563507375)"
386;attiva;318;Gioia - Carissimi;Monofacciale;36;Carreggiata;1108;VIA MELCHIORRE GIOIA;93;2;2015;9.20222598692051;45.4906938782772;"(45.4906938782772, 9.20222598692051)"
387;attiva;168;Piazza Carbonari;Monofacciale;30;Marciapiede;1219;VIA GIACOMO CARISSIMI;;2;2011;9.19915059636787;45.4925719006102;"(45.4925719006102, 9.19915059636787)"
388;attiva;211;Bernini;Monofacciale;27;Marciapiede;2201;PIAZZA GIAN LORENZO BERNINI;;3;2013;9.22150885899941;45.478756331702;"(45.478756331702, 9.22150885899941)"
389;attiva;361;Bottini 1 - Lambrate M2;Monofacciale;33;Marciapiede;2572;PIAZZA ENRICO BOTTINI;;3;2019;9.2368690387911;45.4844624167277;"(45.4844624167277, 9.2368690387911)"
391;attiva;500;Cascina Merlata - UpTown;Monofacciale;30;Marciapiede;7614;VIA PIER PAOLO PASOLINI;;8;2021;9.10344971565341;45.5071111637259;"(45.5071111637259, 9.10344971565341)"
392;attiva;501;Cascina Merlata - Social Village;Bifacciale;30;Marciapiede;7614;VIA PIER PAOLO PASOLINI;;8;2021;9.1007891197184;45.5116936343395;"(45.5116936343395, 9.1007891197184)"
